code,day,id,avg_num_coders,num_codes,used_on_lines,percent
113,2012-03-29,162019,4.0817,963,257,92.19195837
113,2012-04-02,33727,3.0664,686,301,75.22148505
113,2012-04-03,34071,2.9442,626,269,79.20693978
113,2012-04-05,19302,2.5429,981,501,78.32335070
113,2012-04-07,175072,2.5000,2,2,41.66665000
113,2012-04-09,19607,2.0224,890,536,82.58706399
113,2012-04-10,18391,2.0230,1011,697,72.11860287
113,2012-04-11,2617,2.0000,2,1,100.00000000
113,2012-04-12,117985,2.0086,233,233,49.85693820
113,2012-04-16,118148,2.5307,228,228,42.83625132
113,2012-04-17,118432,2.3690,84,84,45.87301667
113,2012-04-19,118595,2.6962,95,79,51.13923671
113,2012-04-21,86190,2.0000,1,1,50.00000000
113,2012-04-23,118772,2.4659,88,88,43.16286932
113,2012-04-24,119031,2.0952,42,42,48.61110952
113,2012-04-26,119172,2.2121,33,33,47.67676667
113,2012-04-30,119263,2.4783,115,115,43.94202522
113,2012-05-01,109170,2.2881,59,59,45.76270678
113,2012-05-06,119662,2.0510,98,98,49.31972755
113,2012-05-07,119841,2.1778,180,180,47.70370278
113,2012-05-10,376785,2.0000,1,1,50.00000000
113,2012-05-14,41046,3.1348,381,267,48.64871985
113,2012-05-15,41052,4.0962,631,416,41.98260409
113,2012-05-17,41858,2.5145,332,276,52.95893007
113,2012-05-18,324894,2.0000,8,4,100.00000000
113,2012-05-21,41848,3.7701,274,274,28.55229197
113,2012-05-22,172207,2.1071,28,28,48.21428214
113,2012-05-29,293226,2.0000,2,1,100.00000000
113,2012-09-27,206671,4.1379,200,87,65.99160230
113,2012-09-28,206672,8.7000,238,110,32.40321545
113,2012-10-01,206755,2.4921,63,63,45.19841111
113,2012-10-02,206726,5.9704,242,203,24.28545123
113,2012-10-08,46866,6.1111,18,18,21.15740000
113,2012-10-09,206947,5.7619,21,21,18.08012381
113,2012-10-10,78419,3.0463,218,216,36.72066620
113,2012-10-13,206982,5.7200,25,25,18.21905600
113,2012-10-15,78913,2.6070,369,369,43.42054851
113,2012-10-16,2519,2.1314,137,137,48.68613139
113,2012-10-17,207047,2.8810,42,42,41.07142381
113,2012-10-21,134065,4.0000,1,1,25.00000000
113,2012-10-22,46945,2.5000,14,14,41.66665000
113,2012-10-24,305158,2.0000,278,278,50.00000000
113,2012-10-26,162018,5.6379,58,58,18.15819483
113,2012-10-27,162154,4.7407,54,54,23.55673148
113,2012-10-29,162273,5.0476,126,126,19.90835317
113,2012-10-30,207364,2.5065,77,77,43.11687792
113,2012-11-03,48998,2.9107,56,56,37.91665893
113,2012-11-04,385455,2.0000,5,5,50.00000000
113,2012-11-06,66134,2.0000,9,9,50.00000000
113,2012-11-10,386273,2.0000,1,1,50.00000000
113,2012-11-11,66154,2.0000,61,61,50.00000000
113,2012-11-13,66138,2.5386,913,880,44.46522977
113,2012-11-14,66262,2.0042,240,240,49.93055542
113,2012-11-15,243911,2.0000,6,6,50.00000000
113,2012-11-16,66134,2.0968,403,403,48.38709355
113,2012-11-18,243900,2.8571,16,14,43.45235714
113,2012-11-19,236470,2.0282,220,213,50.70422629
113,2012-11-20,236472,3.0116,173,173,33.23696127
113,2012-11-26,332919,2.0000,120,120,50.00000000
113,2012-11-27,333063,2.0000,77,77,50.00000000
113,2012-11-30,66223,2.6407,846,846,39.46018463
113,2012-12-02,67040,3.0558,233,233,33.21885494
113,2012-12-04,333047,3.0081,123,123,33.26554959
113,2013-01-03,125763,2.2843,299,299,46.19604716
113,2013-01-07,126039,2.0000,101,101,50.00000000
113,2013-01-08,126259,2.0000,6,6,50.00000000
113,2013-01-10,126274,2.0000,34,34,50.00000000
113,2013-01-11,3551,2.0769,169,169,48.83628994
113,2013-01-14,3574,2.6838,117,117,38.60396581
113,2013-01-15,3830,2.0000,166,166,50.00000000
113,2013-01-16,57684,2.0000,5,5,50.00000000
113,2013-01-17,57692,2.0000,75,75,50.00000000
113,2013-01-18,255300,3.7000,20,20,28.33333000
113,2013-01-19,57914,3.1333,135,135,34.22220444
113,2013-01-21,57985,2.0000,27,27,50.00000000
113,2013-01-22,58047,2.3514,333,333,45.66066036
113,2013-01-23,13997,2.0000,94,94,50.00000000
113,2013-01-24,125772,2.0000,5,5,50.00000000
113,2013-01-25,58963,2.0000,50,50,50.00000000
113,2013-01-26,59220,2.0000,1,1,50.00000000
113,2013-01-28,59237,2.0000,147,147,50.00000000
113,2013-02-04,123638,2.0082,122,122,49.86338770
113,2013-02-05,255574,2.0000,6,6,50.00000000
113,2013-02-08,334911,2.0000,2,2,50.00000000
113,2013-02-11,23850,3.0098,205,205,33.37395171
113,2013-02-12,124000,2.0977,133,133,48.88471128
77,2012-03-29,162216,4.3214,81,28,68.86905000
77,2012-04-02,33738,3.4902,188,102,54.83660098
77,2012-04-03,34070,3.4938,172,81,63.69782469
77,2012-04-05,19305,2.8265,166,98,61.76870714
77,2012-04-07,175067,2.0000,7,7,50.00000000
77,2012-04-09,18432,2.1007,218,139,76.13908921
77,2012-04-10,18423,2.3667,192,150,56.52221867
77,2012-04-11,123163,2.0000,6,6,50.00000000
77,2012-04-12,117990,3.6508,126,126,29.06083492
77,2012-04-16,118147,4.5152,132,132,24.94678258
77,2012-04-17,118436,4.8276,58,58,23.44005690
77,2012-04-19,85676,2.8500,85,80,42.80852750
77,2012-04-20,85871,2.0000,33,33,50.00000000
77,2012-04-21,86111,2.0000,67,67,50.00000000
77,2012-04-23,86562,2.5000,182,182,44.74097308
77,2012-04-24,87285,2.4540,163,163,45.20595951
77,2012-04-25,177392,2.0241,83,83,49.69879518
77,2012-04-26,119171,2.4923,65,65,44.35897385
77,2012-04-30,100363,2.5920,201,201,43.99214179
77,2012-05-01,70273,2.6275,102,102,43.73482745
77,2012-05-06,119683,4.1364,22,22,24.62120909
77,2012-05-07,41045,2.2837,349,349,46.53329054
77,2012-05-08,217387,2.0286,176,175,49.76190457
77,2012-05-09,41235,2.0769,13,13,48.71794615
77,2012-05-10,15,2.0095,105,105,49.84126952
77,2012-05-11,22,2.0000,20,20,50.00000000
77,2012-05-13,41290,2.3438,32,32,45.05207813
77,2012-05-14,108,2.5904,266,249,46.08879719
77,2012-05-15,41045,5.1290,163,124,31.37864355
77,2012-05-16,42134,2.1892,37,37,47.52252162
77,2012-05-17,41863,3.3226,177,155,37.60215097
77,2012-05-18,324897,3.0000,2,2,33.33330000
77,2012-05-21,41849,3.0671,283,283,40.93065230
77,2012-05-22,42986,2.1588,170,170,47.85293882
77,2012-05-23,43266,2.1538,13,13,47.43589231
77,2012-05-29,43378,2.0533,75,75,49.22222133
77,2012-05-30,142133,2.0000,156,156,50.00000000
77,2012-09-27,206670,3.9348,52,46,36.74100652
77,2012-09-28,206670,6.4086,128,93,33.56237634
77,2012-10-01,206881,3.1884,69,69,34.49274493
77,2012-10-02,46865,5.7463,71,67,26.28247313
77,2012-10-04,78422,2.4464,56,56,44.34523750
77,2012-10-05,132506,2.3333,3,3,44.44443333
77,2012-10-06,132774,2.7000,10,10,39.99999000
77,2012-10-08,46865,2.6667,3,3,41.66666667
77,2012-10-09,46878,2.2034,59,59,48.06967797
77,2012-10-10,78422,2.8522,117,115,39.21738348
77,2012-10-13,133601,4.1818,11,11,34.17749091
77,2012-10-14,46884,3.8571,7,7,27.14284286
77,2012-10-15,47297,2.1489,94,94,47.96099043
77,2012-10-16,2517,3.0833,60,60,38.25594167
77,2012-10-17,207044,7.0000,2,2,15.55555000
77,2012-10-21,133828,2.5000,46,46,42.64491739
77,2012-10-22,46879,2.7333,15,15,39.99999333
77,2012-10-24,305173,2.0952,63,63,48.80952381
77,2012-10-26,161710,3.9565,46,46,33.57919565
77,2012-10-27,162163,6.6667,9,9,15.25574444
77,2012-10-29,162271,6.3000,20,20,15.98216500
77,2012-11-03,48974,3.0513,39,39,37.50304872
77,2012-11-04,385535,2.4737,19,19,42.54384737
77,2012-11-05,346620,3.0000,1,1,33.33330000
77,2012-11-06,66137,2.0000,2,2,50.00000000
77,2012-11-10,385765,2.5000,24,24,42.36110000
77,2012-11-11,66157,2.0000,10,10,50.00000000
77,2012-11-12,385895,5.0000,1,1,20.00000000
77,2012-11-13,66137,3.5200,28,25,34.66666000
77,2012-11-14,66265,2.8413,63,63,38.41268889
77,2012-11-15,243914,3.0000,1,1,33.33330000
77,2012-11-16,66201,2.1630,92,92,47.64492500
77,2012-11-17,386753,2.2683,41,41,45.73170000
77,2012-11-18,243958,2.6667,3,3,38.88886667
77,2012-11-20,236475,3.0313,64,64,33.77601406
77,2012-11-26,255419,2.7500,4,4,39.58332500
77,2012-11-27,6272,2.0000,2,2,50.00000000
77,2012-11-30,66288,4.0000,15,15,27.11111333
77,2012-12-02,67171,4.1667,6,6,24.16666667
77,2012-12-04,333054,3.2609,46,46,31.15939565
77,2012-12-10,307022,2.3500,20,20,44.58332500
77,2013-01-03,125724,2.7500,36,36,40.53570556
77,2013-01-05,125783,3.0000,1,1,33.33330000
77,2013-01-07,125764,2.0526,19,19,49.12280526
77,2013-01-10,126275,2.0000,6,6,50.00000000
77,2013-01-11,3553,2.1842,38,38,46.92981842
77,2013-01-14,3571,2.5500,40,40,41.24998500
77,2013-01-15,3838,2.1400,50,50,47.66666200
77,2013-01-17,57696,2.0667,15,15,48.88888667
77,2013-01-18,255365,4.0000,1,1,25.00000000
77,2013-01-19,57924,2.8947,19,19,37.01752632
77,2013-01-21,57991,2.0909,11,11,48.48484545
77,2013-01-22,58051,2.2376,101,101,46.28712277
77,2013-01-23,14002,2.2639,72,72,45.71758472
77,2013-01-24,125782,2.7000,30,30,38.88887000
77,2013-01-25,58969,2.4865,37,37,42.11710270
77,2013-01-26,59215,3.0000,2,2,33.33330000
77,2013-01-28,59241,2.4545,88,88,43.44696136
77,2013-02-04,123730,2.1395,43,43,47.67441395
77,2013-02-05,255492,3.6842,19,19,29.12279474
77,2013-02-10,255862,2.0000,13,13,50.00000000
77,2013-02-11,333621,3.3095,42,42,30.83330952
77,2013-02-12,124010,2.7297,37,37,40.63062432
81,2012-03-28,162028,2.0000,3,3,50.00000000
81,2012-03-29,162021,5.5510,172,49,68.99660000
81,2012-04-02,33740,3.4921,283,126,66.44179921
81,2012-04-03,34068,3.1796,310,167,59.84173952
81,2012-04-05,13914,3.0594,142,101,49.10890594
81,2012-04-09,18432,2.1905,163,105,72.69841333
81,2012-04-10,18394,2.4259,140,108,55.61728056
81,2012-04-11,2698,2.6429,14,14,39.28569286
81,2012-04-12,117990,4.0833,36,36,25.55554722
81,2012-04-16,118153,4.5538,65,65,25.64589538
81,2012-04-17,118449,5.0769,13,13,22.19779231
81,2012-04-19,85770,3.8000,54,50,32.49839800
81,2012-04-20,85857,3.0556,18,18,32.87033889
81,2012-04-21,86172,3.0667,15,15,32.77774667
81,2012-04-23,86587,3.6735,98,98,29.86636020
81,2012-04-24,87295,4.1852,81,81,27.80862963
81,2012-04-25,177514,3.0175,57,57,33.18710175
81,2012-04-26,119212,3.5568,88,88,30.61054659
81,2012-04-30,100430,3.2418,153,153,32.91780850
81,2012-05-01,70321,3.6000,45,45,30.28040444
81,2012-05-06,119707,5.7500,4,4,17.50002500
81,2012-05-07,41154,3.3527,207,207,32.95834444
81,2012-05-08,217422,2.3784,74,74,43.80629459
81,2012-05-09,41281,3.0000,2,2,33.33330000
81,2012-05-10,11,2.0820,61,61,48.63387705
81,2012-05-11,43,2.0000,6,6,50.00000000
81,2012-05-13,41371,3.4000,5,5,30.66664000
81,2012-05-14,105,2.9282,183,181,37.00340331
81,2012-05-15,41275,6.8140,111,86,19.99815116
81,2012-05-16,42249,3.4348,23,23,30.36230000
81,2012-05-17,41871,3.9807,218,207,28.90785121
81,2012-05-18,324861,3.0000,12,12,34.02775000
81,2012-05-21,41930,3.7708,192,192,30.17876927
81,2012-05-22,42967,3.1553,103,103,32.26534466
81,2012-05-23,43365,3.5000,2,2,29.16665000
81,2012-05-29,293085,3.0000,24,24,33.33330000
81,2012-05-30,141755,3.0125,80,80,33.22913375
81,2012-09-27,206700,3.5667,35,30,33.13128000
81,2012-09-28,206700,3.8028,72,71,30.76552535
81,2012-10-01,206934,3.7073,41,41,29.36990000
81,2012-10-02,46864,6.8333,66,54,20.97708704
81,2012-10-04,132441,3.0000,1,1,33.33330000
81,2012-10-05,132616,3.0000,1,1,33.33330000
81,2012-10-06,132753,2.4000,5,5,43.33332000
81,2012-10-08,46864,4.0000,4,4,27.08332500
81,2012-10-09,46923,3.0645,62,62,32.79566774
81,2012-10-10,78837,2.9630,27,27,37.71604074
81,2012-10-14,46914,5.8333,6,6,17.81746667
81,2012-10-15,47327,2.9464,56,56,35.17854464
81,2012-10-16,2550,3.7647,51,51,27.64705294
81,2012-10-21,133825,4.0800,25,25,24.73333200
81,2012-10-22,46970,5.1111,9,9,21.13756667
81,2012-10-24,305153,2.5273,55,55,41.51513636
81,2012-10-26,161774,6.8571,21,21,18.37507143
81,2012-10-27,162159,7.9333,15,15,12.67195333
81,2012-10-29,162284,8.4000,5,5,12.50000000
81,2012-10-30,46988,5.2500,24,24,19.85118750
81,2012-11-03,49024,4.6500,40,40,24.47221500
81,2012-11-04,385453,4.9500,20,20,20.84523500
81,2012-11-10,385893,4.0000,13,13,25.25640769
81,2012-11-11,66222,5.2500,4,4,27.08332500
81,2012-11-12,385454,5.5000,6,6,20.18518333
81,2012-11-13,243726,5.0909,25,22,22.77056818
81,2012-11-14,66395,3.9643,28,28,28.21428214
81,2012-11-16,66222,2.5455,77,77,41.27704026
81,2012-11-17,386809,4.0000,9,9,25.74073333
81,2012-11-18,3039,5.5263,19,19,19.05388947
81,2012-11-20,236552,3.6667,39,39,27.86323590
81,2012-11-26,333048,2.0000,1,1,50.00000000
81,2012-11-30,66259,5.4189,74,74,18.87388919
81,2012-12-02,67064,5.4583,24,24,18.51191667
81,2012-12-04,333048,3.8947,38,38,26.22806316
81,2012-12-10,307039,3.0000,4,4,33.33330000
81,2013-01-03,125742,2.7647,17,17,38.92155294
81,2013-01-07,126068,2.0000,6,6,50.00000000
81,2013-01-08,126270,2.0000,1,1,50.00000000
81,2013-01-10,126307,2.0000,3,3,50.00000000
81,2013-01-11,3554,2.1818,11,11,47.72727273
81,2013-01-14,3592,2.6667,9,9,39.81480000
81,2013-01-15,3867,2.1250,8,8,47.91666250
81,2013-01-17,57700,3.0000,1,1,33.33330000
81,2013-01-19,333506,3.6429,28,28,28.51188929
81,2013-01-21,57988,2.0000,1,1,50.00000000
81,2013-01-22,58142,2.3000,30,30,44.99999000
81,2013-01-23,13996,2.4286,7,7,42.85712857
81,2013-01-24,126120,3.0000,1,1,33.33330000
81,2013-01-25,59008,3.0909,11,11,34.84847273
81,2013-01-28,59234,2.8611,36,36,37.82406111
81,2013-02-04,123772,3.0333,30,30,33.33330333
81,2013-02-10,255945,3.0000,2,2,33.33330000
81,2013-02-11,333625,3.6383,48,47,28.72338936
81,2013-02-12,124011,3.0000,3,3,33.33330000
84,2012-03-29,162086,4.2759,96,29,78.42364828
84,2012-04-02,33770,3.3297,136,91,46.20877802
84,2012-04-03,34074,3.4118,64,51,38.88887255
84,2012-04-05,19305,2.7619,102,84,46.70633810
84,2012-04-09,19643,2.2281,66,57,54.06432281
84,2012-04-10,18397,2.2500,44,40,51.24999500
84,2012-04-11,123206,2.0000,2,2,50.00000000
84,2012-04-12,118024,3.4444,45,45,30.48146444
84,2012-04-16,118259,3.6212,66,66,29.35604242
84,2012-04-17,118459,5.1818,33,33,21.75083939
84,2012-04-19,85683,2.8281,67,64,42.44915000
84,2012-04-20,85869,2.0000,9,9,50.00000000
84,2012-04-21,86234,2.0000,6,6,50.00000000
84,2012-04-23,86799,2.7100,100,100,41.13332900
84,2012-04-24,87363,2.6522,46,46,41.81158696
84,2012-04-25,177431,2.0000,11,11,50.00000000
84,2012-04-26,119173,3.0541,37,37,38.35585135
84,2012-04-30,100377,2.7761,67,67,40.09949552
84,2012-05-01,70322,2.9459,37,37,40.29922432
84,2012-05-06,119669,4.2222,9,9,25.37036667
84,2012-05-07,41062,2.3659,82,82,45.17420976
84,2012-05-08,218036,2.0000,15,15,50.00000000
84,2012-05-09,41234,2.5556,9,9,42.59258889
84,2012-05-10,376521,2.0833,12,12,48.61110833
84,2012-05-11,33,2.0000,4,4,50.00000000
84,2012-05-13,41319,2.4444,18,18,43.51851111
84,2012-05-14,178,3.3016,131,126,37.88832063
84,2012-05-15,41070,5.4750,44,40,24.85119250
84,2012-05-16,42293,2.6000,5,5,41.66666000
84,2012-05-17,41886,3.0702,62,57,38.65496316
84,2012-05-18,324843,2.4545,11,11,42.42422727
84,2012-05-21,41847,4.5154,130,130,30.80497846
84,2012-05-22,42979,2.2500,64,64,46.48437188
84,2012-05-23,43279,2.1111,9,9,48.14814444
84,2012-05-29,43381,2.1176,51,51,48.03921176
84,2012-05-30,142011,2.0192,52,52,49.67948654
84,2012-09-27,206671,6.9000,12,10,18.52778000
84,2012-09-28,206671,7.7500,16,16,28.95710000
84,2012-10-01,207372,2.0000,1,1,50.00000000
84,2012-10-02,206671,9.5000,4,4,20.25520000
84,2012-10-04,78537,2.0000,2,2,50.00000000
84,2012-10-05,132522,2.1111,9,9,48.14814444
84,2012-10-06,132758,2.0000,10,10,50.00000000
84,2012-10-08,46904,5.5000,2,2,30.55555000
84,2012-10-09,46931,2.6087,23,23,44.64285217
84,2012-10-10,133083,2.6190,21,21,40.07934762
84,2012-10-14,46918,4.2778,18,18,25.00000000
84,2012-10-15,47316,2.4737,38,38,44.60526053
84,2012-10-16,2586,2.9231,13,13,35.25638462
84,2012-10-17,207290,3.0000,2,2,33.33330000
84,2012-10-21,133791,3.1765,17,17,34.70587059
84,2012-10-22,46970,2.9231,13,13,41.94138462
84,2012-10-24,305194,2.0000,2,2,50.00000000
84,2012-10-26,161768,5.1250,8,8,22.84225000
84,2012-10-29,162275,6.6667,9,9,15.14551111
84,2012-10-30,207452,3.0000,1,1,33.33330000
84,2012-11-03,48964,3.5000,10,10,30.83333000
84,2012-11-04,385612,2.3750,8,8,43.74998750
84,2012-11-06,66135,2.0000,1,1,50.00000000
84,2012-11-10,385775,2.7500,8,8,38.54165000
84,2012-11-11,66151,2.0000,7,7,50.00000000
84,2012-11-12,385715,3.6667,3,3,27.77776667
84,2012-11-13,66135,3.8462,15,13,31.79486923
84,2012-11-14,66288,3.0833,12,12,35.41665833
84,2012-11-15,243910,2.3333,3,3,44.44443333
84,2012-11-16,66164,2.7778,36,36,40.13888611
84,2012-11-17,386754,2.6316,19,19,39.91226316
84,2012-11-20,236505,3.1429,49,49,32.14282857
84,2012-11-26,255471,4.0000,3,3,25.00000000
84,2012-11-27,6315,2.0000,11,11,50.00000000
84,2012-11-30,66240,4.0500,20,20,25.58333500
84,2012-12-02,67050,4.2000,5,5,24.00000000
84,2012-12-04,333052,3.3548,31,31,30.48384839
84,2013-01-03,125960,2.7857,14,14,38.33331429
84,2013-01-07,126096,2.2500,4,4,45.83332500
84,2013-01-11,3559,2.1429,28,28,47.61904286
84,2013-01-14,3601,2.9444,18,18,36.75924444
84,2013-01-15,3828,2.1304,23,23,48.18840435
84,2013-01-17,57695,2.4167,12,12,43.05554167
84,2013-01-19,57918,2.2000,5,5,46.66666000
84,2013-01-21,58001,2.5000,6,6,41.66665000
84,2013-01-22,58060,2.4821,56,56,42.85713393
84,2013-01-23,14044,2.5294,17,17,41.66665294
84,2013-01-24,125743,2.6429,14,14,41.07142143
84,2013-01-25,59023,2.5769,26,26,41.47434615
84,2013-01-28,59244,2.5930,86,86,41.18215930
84,2013-02-04,123648,2.3056,36,36,45.13888056
84,2013-02-05,255571,4.5000,2,2,25.00000000
84,2013-02-10,255923,2.0000,3,3,50.00000000
84,2013-02-11,333643,3.5000,6,6,29.16665000
84,2013-02-12,123997,2.5217,23,23,42.53622174
80,2012-03-28,162028,2.0000,1,1,50.00000000
80,2012-03-29,162022,4.7059,117,34,77.33893529
80,2012-04-02,33800,3.0909,114,66,56.61615455
80,2012-04-03,34096,3.1842,77,38,65.78947632
80,2012-04-05,19323,2.6762,185,105,70.07936286
80,2012-04-09,19622,2.0930,130,86,72.94573837
80,2012-04-10,18499,2.0986,82,71,55.98591408
80,2012-04-12,118012,3.7143,42,42,28.17459048
80,2012-04-16,118195,3.9623,53,53,27.90055472
80,2012-04-17,118450,3.8400,25,25,29.14284000
80,2012-04-19,85677,2.5556,57,54,44.98677037
80,2012-04-20,85881,2.1538,13,13,48.07692308
80,2012-04-21,86114,2.0714,28,28,49.10714286
80,2012-04-23,86577,2.6214,103,103,43.90892427
80,2012-04-24,87284,2.5185,81,81,44.20928519
80,2012-04-25,177393,2.0000,24,24,50.00000000
80,2012-04-26,119183,3.5000,10,10,35.33334000
80,2012-04-30,108711,3.4138,29,29,34.10918966
80,2012-05-01,70475,3.1053,19,19,37.76941579
80,2012-05-06,119670,4.7692,13,13,22.58241538
80,2012-05-07,41118,2.8400,25,25,39.73332800
80,2012-05-08,376179,2.0000,3,3,50.00000000
80,2012-05-09,41250,2.2500,4,4,45.83332500
80,2012-05-10,376614,2.0000,5,5,50.00000000
80,2012-05-13,41324,2.3333,18,18,44.90740000
80,2012-05-14,399,3.0000,39,39,39.61538205
80,2012-05-15,41051,4.8462,41,39,27.14184103
80,2012-05-16,42133,2.0000,7,7,50.00000000
80,2012-05-17,41950,3.1500,40,40,34.91665500
80,2012-05-18,324851,2.2857,7,7,45.23808571
80,2012-05-21,42062,3.4643,28,28,36.01190000
80,2012-05-22,43042,2.1667,30,30,47.49999667
80,2012-05-23,43291,2.0000,2,2,50.00000000
80,2012-05-29,43391,2.2632,19,19,45.61402632
80,2012-05-30,141986,2.3333,12,12,44.44443333
80,2012-09-27,206755,3.0000,1,1,33.33330000
80,2012-09-28,206728,8.2727,11,11,20.79544545
80,2012-10-01,207388,2.0000,2,2,50.00000000
80,2012-10-02,46872,5.5000,8,8,22.59468750
80,2012-10-05,132528,2.0000,1,1,50.00000000
80,2012-10-08,206923,7.0000,2,2,14.28570000
80,2012-10-09,47118,3.1667,6,6,38.49205000
80,2012-10-10,78506,3.0000,37,37,37.68338649
80,2012-10-13,133627,2.0000,1,1,50.00000000
80,2012-10-14,46881,4.0000,7,7,27.61904286
80,2012-10-15,47304,2.3529,34,34,45.78431176
80,2012-10-16,2524,2.5600,25,25,41.33332000
80,2012-10-17,207245,3.2000,5,5,31.66664000
80,2012-10-21,133796,2.4286,14,14,44.28570714
80,2012-10-22,46986,3.0000,8,8,35.41665000
80,2012-10-24,305154,2.0000,24,24,50.00000000
80,2012-10-26,161752,3.0833,12,12,39.93055000
80,2012-10-27,162197,6.0000,1,1,16.66670000
80,2012-10-29,162276,6.0000,7,7,16.66670000
80,2012-10-30,207454,4.0000,2,2,26.66665000
80,2012-11-03,49029,3.0000,7,7,36.90475714
80,2012-11-04,385568,2.8889,9,9,38.88888889
80,2012-11-06,66138,2.0000,1,1,50.00000000
80,2012-11-10,385776,2.6000,5,5,41.66666000
80,2012-11-11,66150,2.0000,10,10,50.00000000
80,2012-11-12,385681,2.5000,2,2,41.66665000
80,2012-11-13,243737,3.8750,10,8,32.70831250
80,2012-11-14,66306,2.0952,21,21,48.41269524
80,2012-11-16,66168,2.2308,26,26,46.79486923
80,2012-11-17,386769,2.6818,22,22,39.39392273
80,2012-11-18,243961,3.0000,3,3,36.11110000
80,2012-11-20,236496,3.0769,26,26,32.69227692
80,2012-11-26,255417,3.4286,7,7,29.76188571
80,2012-11-27,6305,2.0909,11,11,48.48484545
80,2012-11-30,66451,4.2000,5,5,30.66668000
80,2012-12-04,333055,3.0345,29,29,33.33330345
80,2013-01-03,125793,2.6111,18,18,40.74072778
80,2013-01-07,126048,2.0625,16,16,48.95833125
80,2013-01-10,126281,2.0000,4,4,50.00000000
80,2013-01-11,126351,2.0526,19,19,49.12280526
80,2013-01-14,3610,2.3077,13,13,44.87178462
80,2013-01-15,3869,2.0000,20,20,50.00000000
80,2013-01-17,57727,2.2000,15,15,46.66666000
80,2013-01-19,57915,2.5833,12,12,41.94443333
80,2013-01-21,57986,2.1250,8,8,47.91666250
80,2013-01-22,58085,2.2105,38,38,46.49122105
80,2013-01-23,14001,2.2222,27,27,46.29628889
80,2013-01-24,125787,2.5455,22,22,41.28786364
80,2013-01-25,58979,3.0000,11,11,37.42423636
80,2013-01-26,59221,2.0000,1,1,50.00000000
80,2013-01-28,59243,2.4865,74,74,42.45494324
80,2013-01-29,255489,3.0000,1,1,33.33330000
80,2013-02-04,123649,2.1000,10,10,48.33333000
80,2013-02-05,255498,4.0769,13,13,24.61538462
80,2013-02-11,333604,3.0000,24,24,33.33330000
80,2013-02-12,123998,2.8000,10,10,37.49998000
83,2012-03-29,162026,4.3750,104,32,75.24553438
83,2012-04-02,33738,3.4000,54,40,41.04165750
83,2012-04-03,34070,3.8621,49,29,45.77996207
83,2012-04-05,19311,2.6716,97,67,58.13432388
83,2012-04-09,19602,2.1522,58,46,60.21739130
83,2012-04-10,18421,2.5510,62,49,52.68706531
83,2012-04-11,123163,2.0000,5,5,50.00000000
83,2012-04-12,118013,4.2162,37,37,24.84555676
83,2012-04-16,118194,4.6944,36,36,23.37301111
83,2012-04-17,118481,4.0909,11,11,27.35929091
83,2012-04-19,85707,3.1515,34,33,37.25827879
83,2012-04-20,85876,2.2500,8,8,45.83332500
83,2012-04-21,86142,2.5000,8,8,42.70832500
83,2012-04-23,86795,3.9259,27,27,29.19752963
83,2012-04-24,87274,3.5263,19,19,36.10901579
83,2012-04-25,177416,2.1429,7,7,47.61904286
83,2012-04-26,119202,2.8000,10,10,40.83333000
83,2012-04-30,100376,3.7955,44,44,34.12698182
83,2012-05-01,70326,3.8800,25,25,33.95237200
83,2012-05-07,41211,2.7561,41,41,42.31997317
83,2012-05-08,217397,2.0000,11,11,50.00000000
83,2012-05-09,41237,3.6667,3,3,27.77776667
83,2012-05-10,376491,2.2500,20,20,46.66666500
83,2012-05-13,41334,3.5000,2,2,29.16665000
83,2012-05-14,124,3.0500,63,60,40.83200333
83,2012-05-15,41074,5.8261,25,23,24.97557826
83,2012-05-16,42160,2.8571,7,7,36.90474286
83,2012-05-17,41869,4.0222,47,45,29.70899111
83,2012-05-18,324885,3.4706,17,17,31.27450000
83,2012-05-19,405216,3.0000,1,1,33.33330000
83,2012-05-21,41867,5.2368,38,38,27.74122632
83,2012-05-22,42971,2.5366,41,41,42.64226829
83,2012-05-23,43263,2.2000,5,5,46.66666000
83,2012-05-29,43398,2.6000,5,5,41.66666000
83,2012-05-30,142105,2.6875,32,32,40.10415625
83,2012-09-27,206670,7.5000,15,10,23.13996000
83,2012-09-28,206679,9.9600,32,25,19.81345200
83,2012-10-01,206671,4.4286,14,14,28.84918571
83,2012-10-02,206730,6.0870,48,46,21.38893478
83,2012-10-04,78532,3.1667,12,12,34.30554167
83,2012-10-05,78765,2.2500,8,8,45.83332500
83,2012-10-06,132731,2.2500,4,4,45.83332500
83,2012-10-08,206921,8.5000,4,4,11.80555000
83,2012-10-09,46918,2.8261,23,23,40.28983913
83,2012-10-10,78467,3.5309,83,81,33.90357654
83,2012-10-13,133591,5.6667,6,6,25.69445000
83,2012-10-14,46940,5.0000,2,2,20.00000000
83,2012-10-15,47331,3.5366,41,41,35.40842927
83,2012-10-16,133732,3.2667,15,15,35.74072667
83,2012-10-21,133806,3.0370,27,27,34.99998148
83,2012-10-22,46977,4.5000,6,6,22.50000000
83,2012-10-24,305171,2.2308,13,13,46.79486923
83,2012-10-26,161711,3.3846,13,13,33.01280000
83,2012-10-27,162262,7.0000,1,1,14.28570000
83,2012-10-29,162269,6.5000,4,4,15.47620000
83,2012-10-30,207365,4.7500,8,8,22.41071250
83,2012-11-03,49008,2.7273,11,11,39.69695455
83,2012-11-04,385539,3.0000,3,3,36.11110000
83,2012-11-10,385771,2.4000,5,5,43.33332000
83,2012-11-11,66202,2.0000,4,4,50.00000000
83,2012-11-12,385702,3.0000,4,4,35.41665000
83,2012-11-13,66142,4.0000,14,14,26.90475000
83,2012-11-14,66349,3.0000,12,12,36.38887500
83,2012-11-16,66208,2.3333,21,21,45.39681905
83,2012-11-17,386898,2.0000,3,3,50.00000000
83,2012-11-18,243915,3.0000,2,2,37.50000000
83,2012-11-20,236590,3.6667,15,15,27.77776667
83,2012-11-26,255441,3.4000,5,5,29.99998000
83,2012-11-27,6563,2.0000,1,1,50.00000000
83,2012-11-30,66236,4.1905,21,21,25.55555714
83,2012-12-02,67105,4.7500,4,4,21.25000000
83,2012-12-04,333105,4.0000,6,6,25.00000000
83,2012-12-10,307061,3.0000,1,1,33.33330000
83,2013-01-03,125782,2.4516,31,31,44.08601613
83,2013-01-07,126143,2.5000,4,4,41.66665000
83,2013-01-10,126287,2.5000,2,2,41.66665000
83,2013-01-11,126374,2.2500,8,8,45.83332500
83,2013-01-14,3647,2.8571,7,7,38.09522857
83,2013-01-15,3847,2.2500,24,24,45.83332500
83,2013-01-17,57702,2.4000,10,10,43.33332000
83,2013-01-19,57965,3.0000,4,4,35.41665000
83,2013-01-21,58015,2.0000,6,6,50.00000000
83,2013-01-22,58048,2.8966,29,29,38.91624138
83,2013-01-23,14006,2.4545,22,22,42.42422727
83,2013-01-24,125769,3.5000,2,2,29.16665000
83,2013-01-25,58970,2.7692,13,13,37.17946154
83,2013-01-26,59215,3.0000,2,2,33.33330000
83,2013-01-28,59260,2.8621,29,29,37.06894828
83,2013-02-04,123764,2.7692,26,26,37.49997692
83,2013-02-05,255541,5.0000,1,1,20.00000000
83,2013-02-11,333659,3.2727,11,11,31.06058182
83,2013-02-12,124030,2.7143,7,7,42.14285714
73,2012-03-28,162018,2.0000,1,1,50.00000000
73,2012-03-29,162018,5.0625,57,16,77.25694375
73,2012-04-02,33756,4.0952,32,21,36.74602381
73,2012-04-03,34070,3.4474,54,38,43.20174737
73,2012-04-05,13914,3.1771,129,96,46.54513542
73,2012-04-09,19600,2.3429,94,70,59.76190000
73,2012-04-10,18409,2.5263,42,38,45.78946579
73,2012-04-11,2791,2.0000,10,10,50.00000000
73,2012-04-12,117992,4.1765,51,51,25.42483333
73,2012-04-16,118215,4.6182,55,55,24.82105636
73,2012-04-17,118457,4.7692,13,13,23.85530769
73,2012-04-19,118605,4.3469,49,49,26.68041429
73,2012-04-20,85885,4.0000,1,1,25.00000000
73,2012-04-21,86173,3.4000,5,5,29.99998000
73,2012-04-23,86610,4.1250,48,48,26.36407500
73,2012-04-24,87325,4.4643,28,28,25.79930714
73,2012-04-25,177456,3.0000,6,6,33.33330000
73,2012-04-26,119249,3.6667,15,15,29.62960667
73,2012-04-30,100535,4.7083,24,24,23.87400000
73,2012-05-01,70319,3.8889,9,9,28.14813333
73,2012-05-06,119793,6.0000,2,2,16.66670000
73,2012-05-07,41050,3.7042,71,71,28.51105070
73,2012-05-08,217472,3.0000,24,24,33.33330000
73,2012-05-10,10,3.1250,8,8,33.33331250
73,2012-05-11,21,3.0000,3,3,33.33330000
73,2012-05-13,41334,3.2500,4,4,31.24997500
73,2012-05-14,200,4.4561,60,57,27.13252105
73,2012-05-15,41047,7.2683,43,41,16.73039268
73,2012-05-16,42129,3.3000,10,10,30.83331000
73,2012-05-17,42019,4.7407,55,54,22.86595741
73,2012-05-18,324845,4.7500,64,64,21.84896406
73,2012-05-21,41879,4.6667,69,69,26.07543478
73,2012-05-22,42964,3.0250,40,40,33.74997250
73,2012-05-23,43367,3.0000,1,1,33.33330000
73,2012-05-29,43533,3.1538,13,13,32.05125385
73,2012-05-30,142281,3.2917,25,24,31.94442083
73,2012-09-27,206672,11.5000,2,2,9.12700000
73,2012-09-28,206669,8.5385,14,13,23.80126923
73,2012-10-01,206916,4.0000,4,4,27.08332500
73,2012-10-02,206710,8.1429,14,14,14.87651429
73,2012-10-04,78420,3.2727,11,11,31.81816364
73,2012-10-05,132546,3.0000,4,4,33.33330000
73,2012-10-06,132832,2.8000,5,5,36.66664000
73,2012-10-08,46872,4.5000,5,4,33.57142500
73,2012-10-09,46925,3.0909,11,11,33.33330909
73,2012-10-10,78454,3.8182,22,22,32.81384091
73,2012-10-13,133596,3.0000,2,2,33.33330000
73,2012-10-14,46898,5.1500,20,20,19.76190500
73,2012-10-15,47296,3.3000,30,30,33.80950667
73,2012-10-16,2623,3.0000,10,10,35.83332000
73,2012-10-21,133824,2.9333,15,15,37.77777333
73,2012-10-22,134209,2.6000,5,5,39.99998000
73,2012-10-24,305360,2.0000,2,2,50.00000000
73,2012-10-26,161748,3.0000,2,2,33.33330000
73,2012-10-27,162267,7.0000,1,1,14.28570000
73,2012-10-29,162322,7.5000,2,2,13.39285000
73,2012-10-30,207519,6.0000,1,1,16.66670000
73,2012-11-03,48976,3.1053,19,19,33.77191053
73,2012-11-04,385544,3.4286,14,14,30.95237143
73,2012-11-06,66146,3.0000,1,1,33.33330000
73,2012-11-10,385791,3.2000,10,10,33.33332000
73,2012-11-11,66228,2.0000,1,1,50.00000000
73,2012-11-12,386225,4.0000,1,1,25.00000000
73,2012-11-13,66146,6.0000,6,5,20.19048000
73,2012-11-14,386317,3.2857,7,7,30.95235714
73,2012-11-17,386790,3.1176,17,17,34.31371176
73,2012-11-18,243929,3.0000,2,2,33.33330000
73,2012-11-20,236713,3.2500,4,4,31.24997500
73,2012-11-27,6306,3.5714,7,7,31.42855714
73,2012-11-30,66295,5.3846,13,13,18.79121538
73,2012-12-02,67170,5.0000,10,10,20.00000000
73,2012-12-04,333081,3.6667,12,12,28.33331667
73,2012-12-10,307034,3.0000,1,1,33.33330000
73,2013-01-03,125795,3.7778,18,18,31.30951667
73,2013-01-07,126102,2.5000,2,2,41.66665000
73,2013-01-11,3569,3.1667,6,6,37.22221667
73,2013-01-14,3668,3.0000,5,5,36.66666000
73,2013-01-15,3903,2.8333,12,12,36.80553333
73,2013-01-17,57695,3.0000,1,1,33.33330000
73,2013-01-19,57961,2.7500,4,4,39.58332500
73,2013-01-22,58065,3.2000,10,10,32.49998000
73,2013-01-23,14331,3.0000,1,1,33.33330000
73,2013-01-25,58988,3.6000,5,5,30.00000000
73,2013-01-26,59224,3.0000,1,1,33.33330000
73,2013-01-28,59233,3.4545,11,11,30.60604545
73,2013-02-04,123833,3.2400,25,25,31.46664000
73,2013-02-10,255924,3.0000,4,4,33.33330000
73,2013-02-11,333739,4.3750,16,16,23.75000000
73,2013-02-12,124005,3.5000,12,12,29.72220000
96,2012-03-29,162251,4.0000,26,9,72.22222222
96,2012-04-02,33751,3.3273,81,55,46.09091273
96,2012-04-03,34105,3.2800,54,25,67.73333600
96,2012-04-05,19320,2.6441,95,59,63.27683220
96,2012-04-09,19609,2.1296,71,54,63.27160185
96,2012-04-10,18403,2.0746,82,67,59.70149104
96,2012-04-12,118014,3.7568,37,37,27.74773514
96,2012-04-16,118150,4.4898,49,49,24.82021020
96,2012-04-17,118435,4.9000,30,30,22.93386333
96,2012-04-19,85680,2.9737,40,38,40.90225263
96,2012-04-20,85883,2.0000,11,11,50.00000000
96,2012-04-21,86143,2.0000,12,12,50.00000000
96,2012-04-23,86634,2.6087,46,46,42.86231739
96,2012-04-24,87302,2.7568,37,37,40.81080541
96,2012-04-25,177397,2.0000,25,25,50.00000000
96,2012-04-26,119187,2.5455,11,11,42.42423636
96,2012-04-30,119261,3.7500,20,20,31.00000000
96,2012-05-01,70303,3.1818,11,11,34.39392727
96,2012-05-06,119694,4.5714,7,7,23.94557143
96,2012-05-07,41051,2.7895,38,38,39.27943421
96,2012-05-08,217412,2.0000,5,5,50.00000000
96,2012-05-09,41271,3.0000,1,1,33.33330000
96,2012-05-13,41308,2.1429,14,14,47.61904286
96,2012-05-14,742,2.5517,29,29,44.31034483
96,2012-05-15,41838,2.8000,5,5,38.33332000
96,2012-05-16,42156,2.2500,16,16,46.87500000
96,2012-05-17,42213,3.7368,23,19,35.61403158
96,2012-05-18,324845,3.0000,2,2,37.50000000
96,2012-05-21,42653,2.1875,16,16,46.87499375
96,2012-05-22,42974,2.7222,18,18,40.74073889
96,2012-05-23,43265,2.3333,3,3,44.44443333
96,2012-05-29,43412,2.2727,11,11,45.45453636
96,2012-05-30,293812,2.0000,4,4,50.00000000
96,2012-09-27,206689,7.4000,6,5,17.87180000
96,2012-09-28,206673,12.5000,19,16,10.02425000
96,2012-10-02,206731,5.8182,11,11,23.47040909
96,2012-10-04,78478,2.5909,22,22,40.15149545
96,2012-10-06,132815,2.5000,2,2,41.66665000
96,2012-10-10,78616,2.7333,15,15,39.66665333
96,2012-10-15,79035,2.7143,14,14,41.54761429
96,2012-10-16,133675,2.8571,7,7,42.51700000
96,2012-10-21,133911,2.2500,4,4,45.83332500
96,2012-10-22,134197,2.0000,1,1,50.00000000
96,2012-10-24,305188,2.0000,6,6,50.00000000
96,2012-10-26,161756,3.1905,21,21,38.66212857
96,2012-10-27,162174,5.6667,9,9,18.62435556
96,2012-10-29,162331,6.0000,2,2,16.66670000
96,2012-10-30,207382,3.7500,4,4,31.25000000
96,2012-11-03,49304,2.6667,3,3,41.66666667
96,2012-11-04,385595,2.3750,8,8,44.79166250
96,2012-11-10,385778,2.4545,11,11,43.93939091
96,2012-11-11,66198,2.0000,3,3,50.00000000
96,2012-11-14,66263,3.2000,10,10,33.66665000
96,2012-11-16,66605,2.2000,10,10,46.66666000
96,2012-11-17,386775,2.6190,21,21,40.47617619
96,2012-11-20,236551,3.3529,17,17,30.88232941
96,2012-12-04,333056,3.3333,24,24,30.55553333
96,2012-12-10,307064,3.0000,7,7,33.33330000
96,2013-01-03,125727,2.3636,33,33,45.20201515
96,2013-01-07,126035,2.0000,12,12,50.00000000
96,2013-01-08,126265,2.0000,3,3,50.00000000
96,2013-01-10,126296,2.0000,4,4,50.00000000
96,2013-01-11,126358,2.0952,21,21,48.41269524
96,2013-01-14,3583,2.8750,8,8,38.95832500
96,2013-01-15,3908,2.1667,6,6,47.22221667
96,2013-01-17,57706,2.0667,15,15,48.88888667
96,2013-01-19,333598,4.0000,2,2,25.00000000
96,2013-01-21,58042,2.0000,1,1,50.00000000
96,2013-01-22,58069,2.3243,37,37,45.49548919
96,2013-01-23,14057,2.0833,24,24,48.61110833
96,2013-01-24,125849,2.4286,14,14,42.85712857
96,2013-01-25,58966,2.5556,18,18,41.66665556
96,2013-01-28,59309,2.6250,48,48,39.93053750
96,2013-02-04,123664,2.0909,22,22,48.48484545
96,2013-02-05,255526,3.0000,1,1,33.33330000
96,2013-02-10,255855,2.0000,4,4,50.00000000
96,2013-02-11,333624,3.3636,11,11,30.30300909
96,2013-02-12,124097,2.0000,4,4,50.00000000
94,2012-03-29,162038,4.3571,46,14,77.26190714
94,2012-04-02,33728,3.4310,78,58,39.31033103
94,2012-04-03,34103,3.4167,17,12,45.41666667
94,2012-04-05,19389,3.0294,43,34,44.60783529
94,2012-04-09,19727,2.3684,22,19,50.87718421
94,2012-04-10,18454,2.4000,38,35,47.14285143
94,2012-04-11,2706,2.0000,2,2,50.00000000
94,2012-04-12,118017,3.7778,9,9,28.14813333
94,2012-04-16,118199,4.7500,8,8,23.36308750
94,2012-04-17,118460,4.5455,11,11,26.70993636
94,2012-04-19,85752,4.0000,10,10,28.09522000
94,2012-04-21,86236,3.1250,8,8,32.29163750
94,2012-04-23,86621,3.9091,11,11,28.57140909
94,2012-04-24,87443,2.9167,12,12,36.11109167
94,2012-04-25,177413,2.2500,4,4,45.83332500
94,2012-04-26,119226,4.5000,2,2,25.00000000
94,2012-04-30,119368,3.0000,12,12,34.99997500
94,2012-05-01,119544,3.5000,12,12,29.44442500
94,2012-05-07,41213,3.6923,13,13,30.90656923
94,2012-05-08,217607,3.0000,5,5,33.33330000
94,2012-05-10,376545,2.8182,11,11,36.36360909
94,2012-05-13,41391,4.0000,1,1,25.00000000
94,2012-05-14,826,3.8125,16,16,28.50692500
94,2012-05-15,41111,6.1875,17,16,18.56399375
94,2012-05-16,42295,3.5000,2,2,29.16665000
94,2012-05-17,41954,3.7500,20,20,29.08333000
94,2012-05-18,324856,3.0000,3,3,33.33330000
94,2012-05-19,405228,3.0000,2,2,33.33330000
94,2012-05-21,42027,4.2222,18,18,27.25747222
94,2012-05-22,43176,2.5000,8,8,41.66665000
94,2012-05-30,142484,3.0000,10,10,33.33330000
94,2012-09-27,206677,7.6000,16,10,20.85902000
94,2012-09-28,206677,12.2353,23,17,11.30532941
94,2012-10-01,206690,8.5000,2,2,20.23810000
94,2012-10-02,206677,7.0476,22,21,20.92660476
94,2012-10-04,78556,2.8571,7,7,38.09522857
94,2012-10-05,132485,2.4615,13,13,42.30767692
94,2012-10-06,132736,3.0000,8,8,34.37497500
94,2012-10-08,132485,6.0000,3,3,17.85713333
94,2012-10-09,47133,3.8889,9,9,34.10492222
94,2012-10-10,133046,2.8030,66,66,39.04039394
94,2012-10-13,133605,4.2000,5,5,41.53846000
94,2012-10-14,46888,4.3333,9,9,24.73544444
94,2012-10-15,47568,3.3750,17,16,39.54612500
94,2012-10-16,2580,3.0857,35,35,36.42856286
94,2012-10-17,207293,6.0000,1,1,16.66670000
94,2012-10-21,133789,3.2000,30,30,33.55554000
94,2012-10-22,134205,2.8235,17,17,39.21567647
94,2012-10-24,305287,2.2000,5,5,46.66666000
94,2012-10-26,161728,5.4474,38,38,23.59135526
94,2012-10-27,162183,7.4545,11,11,14.64646364
94,2012-10-29,162280,7.1250,8,8,14.80656250
94,2012-10-30,207373,5.1667,6,6,19.72223333
94,2012-11-03,48974,4.5789,38,38,27.29531053
94,2012-11-04,385514,3.6667,33,33,31.81817576
94,2012-11-10,385766,3.0526,19,19,34.82454211
94,2012-11-13,243749,3.5714,14,14,28.80950714
94,2012-11-14,66482,4.2000,35,35,24.76189714
94,2012-11-16,66753,2.2500,4,4,45.83332500
94,2012-11-17,386760,2.9200,25,25,38.93333200
94,2012-11-18,243931,3.0000,5,5,33.33330000
94,2012-11-20,236627,3.3226,62,62,30.69890161
94,2012-11-26,255418,3.0755,53,53,32.70437170
94,2012-11-30,66519,5.0000,3,3,26.98413333
94,2012-12-02,67157,5.3333,3,3,18.88890000
94,2012-12-04,333057,3.4167,12,12,30.13886667
94,2013-01-03,125737,2.3333,3,3,44.44443333
94,2013-01-07,126119,2.2500,4,4,45.83332500
94,2013-01-11,126579,2.2500,4,4,45.83332500
94,2013-01-14,3636,3.0000,3,3,33.33330000
94,2013-01-15,3912,2.5000,6,6,41.66665000
94,2013-01-16,57689,2.0000,1,1,50.00000000
94,2013-01-17,57764,2.5000,2,2,41.66665000
94,2013-01-21,334188,2.0000,1,1,50.00000000
94,2013-01-22,58052,2.9524,21,21,38.88888095
94,2013-01-23,13994,2.7273,11,11,39.39392727
94,2013-01-24,125777,2.0000,2,2,50.00000000
94,2013-01-25,59007,3.0000,6,6,36.66665000
94,2013-01-28,59460,2.7826,23,23,38.04346087
94,2013-01-29,255488,4.0000,3,3,25.00000000
94,2013-02-04,255459,3.1429,28,28,32.44044643
94,2013-02-05,255493,4.3333,45,45,24.41270222
94,2013-02-08,334874,2.0000,1,1,50.00000000
94,2013-02-10,255897,3.0000,4,4,33.33330000
94,2013-02-11,333662,3.3333,3,3,30.55553333
94,2013-02-12,124232,4.7500,8,8,21.87501250
74,2012-03-29,162072,6.5000,25,8,48.75000000
74,2012-04-02,33738,4.0476,35,21,43.25396190
74,2012-04-03,34069,3.3889,25,18,45.55554444
74,2012-04-05,19335,2.9348,52,46,42.78984783
74,2012-04-09,19648,2.2051,40,39,47.86324103
74,2012-04-10,18459,2.4681,50,47,46.17020213
74,2012-04-11,2699,2.0000,5,5,50.00000000
74,2012-04-12,118075,4.1875,32,32,24.47916250
74,2012-04-16,118374,4.1739,23,23,26.46651739
74,2012-04-17,118449,4.5517,29,29,24.75778621
74,2012-04-19,85702,3.5000,32,32,30.91515625
74,2012-04-20,85858,3.0000,7,7,33.33330000
74,2012-04-21,86100,3.1818,11,11,32.57573636
74,2012-04-23,86581,3.7500,24,24,29.31545833
74,2012-04-24,87266,3.3846,26,26,32.63733846
74,2012-04-25,177414,3.0000,12,12,33.33330000
74,2012-04-26,120011,3.2143,14,14,31.54759286
74,2012-04-30,100381,3.4375,32,32,31.54759375
74,2012-05-01,109197,3.0588,17,17,32.84310588
74,2012-05-06,119695,5.0000,3,3,20.55556667
74,2012-05-07,41085,3.5000,32,32,30.62869375
74,2012-05-08,217464,3.0000,12,12,33.33330000
74,2012-05-10,376476,2.9375,16,16,34.37496875
74,2012-05-13,41396,3.5000,4,4,29.16665000
74,2012-05-14,416,3.8810,44,42,29.03720476
74,2012-05-15,41056,5.9167,39,36,21.40100556
74,2012-05-16,42154,3.3333,3,3,30.55553333
74,2012-05-17,41872,4.4737,21,19,26.92982105
74,2012-05-18,324872,2.6667,3,3,41.66666667
74,2012-05-21,41872,4.8500,40,40,25.30255750
74,2012-05-22,43013,3.0882,34,34,32.84310882
74,2012-05-23,43351,3.0000,1,1,33.33330000
74,2012-05-29,43385,3.0435,23,23,32.97098261
74,2012-05-30,142005,3.1667,18,18,32.59256667
74,2012-09-27,206672,7.1250,8,8,18.82440000
74,2012-09-28,206669,16.3000,14,10,10.78791000
74,2012-10-02,206681,7.5714,7,7,16.00340000
74,2012-10-05,78763,2.8000,5,5,36.66664000
74,2012-10-08,206925,9.6667,3,3,10.89743333
74,2012-10-09,132535,3.5000,2,2,29.16665000
74,2012-10-10,78427,4.2000,20,20,28.93451500
74,2012-10-14,46886,2.0000,2,2,50.00000000
74,2012-10-15,47592,3.5000,16,16,33.58899375
74,2012-10-16,2613,3.0000,10,10,35.83332000
74,2012-10-21,133979,3.0000,2,2,37.50000000
74,2012-10-22,46972,3.2500,4,4,31.24997500
74,2012-10-24,305176,2.1111,9,9,48.14814444
74,2012-10-26,162090,10.0000,2,2,10.41665000
74,2012-11-11,66148,3.0000,3,3,36.11110000
74,2012-11-12,385799,4.0000,1,1,25.00000000
74,2012-11-13,243841,4.7500,5,4,26.66665000
74,2012-11-16,66590,2.3529,17,17,44.11763529
74,2012-11-18,244034,2.6667,3,3,38.88886667
74,2012-11-19,236495,2.0000,2,2,50.00000000
74,2012-11-20,236495,3.5000,18,18,29.53701667
74,2012-11-26,255441,4.0000,3,3,25.00000000
74,2012-11-27,6292,3.0000,3,3,33.33330000
74,2012-11-30,66681,5.2000,5,5,19.33334000
74,2012-12-02,67218,5.0000,1,1,20.00000000
74,2012-12-04,333110,3.9333,15,15,26.22221333
74,2013-01-03,125724,2.6000,10,10,41.66666000
74,2013-01-07,126036,2.2500,4,4,45.83332500
74,2013-01-11,126348,2.4286,7,7,42.85712857
74,2013-01-14,3706,2.8000,5,5,38.33332000
74,2013-01-15,3828,2.4286,7,7,42.85712857
74,2013-01-16,57685,2.0000,1,1,50.00000000
74,2013-01-17,57703,2.5000,6,6,41.66665000
74,2013-01-21,57987,2.5000,2,2,41.66665000
74,2013-01-22,58150,2.8571,14,14,37.49998571
74,2013-01-23,14042,3.0000,10,10,35.83332000
74,2013-01-24,125768,3.0000,6,6,36.11110000
74,2013-01-25,58972,3.2500,4,4,31.24997500
74,2013-01-26,59223,3.0000,1,1,33.33330000
74,2013-01-28,59231,3.2727,11,11,31.81816364
74,2013-02-04,123948,2.7500,4,4,37.49997500
74,2013-02-05,255503,5.2857,7,7,19.52382857
74,2013-02-11,333701,4.1000,10,10,25.33333000
74,2013-02-12,124090,3.4000,10,10,31.16665000
89,2012-03-28,162018,2.0000,1,1,50.00000000
89,2012-03-29,162018,9.0000,3,1,33.33330000
89,2012-04-02,34016,3.4000,5,5,29.99998000
89,2012-04-03,404375,4.0000,7,7,27.04080000
89,2012-04-05,19334,2.9423,62,52,42.72435000
89,2012-04-09,18458,2.4500,20,20,42.91665500
89,2012-04-10,18461,2.2222,20,18,50.92592222
89,2012-04-11,2780,2.3056,36,36,44.90739722
89,2012-04-12,118171,4.8182,11,11,22.35930909
89,2012-04-16,118165,4.9000,40,40,22.85118250
89,2012-04-17,123406,7.0000,4,4,14.43452500
89,2012-04-19,118610,4.5263,19,19,25.40725789
89,2012-04-21,86245,3.0000,3,3,33.33330000
89,2012-04-23,86639,3.4000,20,20,29.99998000
89,2012-04-24,87421,4.6842,19,19,24.18546316
89,2012-04-26,119930,3.0000,5,5,33.33330000
89,2012-04-30,108841,3.2727,11,11,34.63201818
89,2012-05-01,109145,4.0000,6,6,27.77776667
89,2012-05-07,41109,4.6000,10,10,24.08333000
89,2012-05-08,375975,3.0000,4,4,33.33330000
89,2012-05-13,41320,3.0000,5,5,33.33330000
89,2012-05-14,291,4.8333,18,18,24.33220000
89,2012-05-15,41320,8.1818,13,11,17.36989091
89,2012-05-17,42373,4.9259,27,27,20.68782963
89,2012-05-18,324846,4.6176,68,68,22.79412206
89,2012-05-21,42019,5.1538,13,13,24.18801538
89,2012-05-22,43032,3.4000,10,10,29.99998000
89,2012-05-29,43513,3.0000,4,4,33.33330000
89,2012-05-30,141811,3.6000,15,15,28.55554000
89,2012-09-27,206669,10.0000,9,6,14.48411667
89,2012-09-28,206669,11.1667,7,6,17.05555000
89,2012-10-01,206964,5.0000,1,1,20.00000000
89,2012-10-02,206730,12.5000,2,2,18.93940000
89,2012-10-04,78497,3.4583,24,24,29.51387083
89,2012-10-05,132521,2.7500,4,4,37.49997500
89,2012-10-08,132445,4.5000,2,2,22.50000000
89,2012-10-09,47022,4.0000,3,3,25.00000000
89,2012-10-10,78573,4.1250,8,8,34.42460000
89,2012-10-13,206998,14.0000,1,1,7.14290000
89,2012-10-14,46901,5.4167,12,12,18.76984167
89,2012-10-15,79004,5.8750,8,8,20.71968750
89,2012-10-16,207041,6.0000,3,3,20.37036667
89,2012-10-17,207046,8.6667,3,3,13.14813333
89,2012-10-24,305579,2.6667,3,3,38.88886667
89,2012-10-30,207366,4.8000,5,5,25.19048000
89,2012-11-03,49319,3.0000,2,2,33.33330000
89,2012-11-10,385837,3.8000,5,5,26.66666000
89,2012-11-12,385624,4.0000,1,1,25.00000000
89,2012-11-16,66810,2.6000,10,10,40.83332000
89,2012-11-18,243904,2.7500,4,4,42.50000000
89,2012-11-19,236682,2.0000,1,1,50.00000000
89,2012-11-20,236509,4.3200,25,25,23.53333200
89,2012-11-27,6317,3.0000,1,1,33.33330000
89,2012-11-30,66885,7.0000,1,1,14.28570000
89,2012-12-02,67092,6.0000,1,1,16.66670000
89,2012-12-04,333107,4.1111,9,9,25.37036667
89,2013-01-03,125927,3.4000,20,20,33.91666000
89,2013-01-05,125986,2.0000,1,1,50.00000000
89,2013-01-07,126223,2.5000,2,2,41.66665000
89,2013-01-10,126335,3.0000,2,2,33.33330000
89,2013-01-11,3570,3.0000,4,4,38.33332500
89,2013-01-14,3668,2.6667,3,3,41.66666667
89,2013-01-15,3929,3.1111,9,9,33.33331111
89,2013-01-17,57703,2.4286,7,7,42.85712857
89,2013-01-22,58064,2.5000,6,6,41.66665000
89,2013-01-23,14012,2.7000,30,30,39.55554000
89,2013-01-24,125846,2.8500,20,20,37.91665000
89,2013-01-25,58972,3.2143,14,14,32.97617143
89,2013-01-26,59212,2.0000,2,2,50.00000000
89,2013-01-28,59247,3.0556,36,36,35.04628056
89,2013-02-04,123883,3.6667,6,6,28.33331667
89,2013-02-11,333702,4.1250,8,8,25.83332500
89,2013-02-12,124046,4.5000,4,4,22.50000000
79,2012-03-29,162095,5.8750,20,8,42.60416250
79,2012-04-02,33785,4.1667,7,6,28.05555000
79,2012-04-03,34137,3.7500,9,8,30.41665000
79,2012-04-05,19351,2.7500,21,16,53.64582500
79,2012-04-09,18458,2.0800,26,25,50.66666400
79,2012-04-10,18409,3.2000,11,10,36.83332000
79,2012-04-11,123301,2.0000,2,2,50.00000000
79,2012-04-12,118144,4.6250,8,8,22.61905000
79,2012-04-16,118389,4.6923,13,13,24.30401538
79,2012-04-17,118452,5.1818,11,11,21.53680000
79,2012-04-19,85724,5.3529,19,17,22.59102941
79,2012-04-20,85904,2.5000,2,2,41.66665000
79,2012-04-21,86144,3.0000,3,3,36.11110000
79,2012-04-23,86663,4.0000,27,27,28.39506296
79,2012-04-24,87353,5.0000,13,13,25.21063077
79,2012-04-25,177394,2.5000,8,8,41.66665000
79,2012-04-26,119190,3.0000,7,7,36.19045714
79,2012-04-30,108713,4.6923,26,26,28.24785385
79,2012-05-01,70310,4.0000,14,14,29.77039286
79,2012-05-06,119691,7.0000,3,3,14.48413333
79,2012-05-07,41072,3.2821,39,39,38.08302308
79,2012-05-08,217395,2.3750,8,8,43.74998750
79,2012-05-09,41273,2.0000,2,2,50.00000000
79,2012-05-10,376857,2.6667,6,6,38.88886667
79,2012-05-11,32,3.0000,1,1,33.33330000
79,2012-05-13,41302,2.6667,6,6,40.27776667
79,2012-05-14,574,3.6296,29,27,33.76541852
79,2012-05-15,41072,6.4211,22,19,23.34186842
79,2012-05-16,42272,3.3333,4,3,41.66666667
79,2012-05-17,41944,4.5385,29,26,29.52380769
79,2012-05-18,324915,3.0000,2,2,33.33330000
79,2012-05-21,42649,3.0833,24,24,34.02775833
79,2012-05-22,42974,2.9118,34,34,36.47056765
79,2012-05-23,43309,3.0000,1,1,33.33330000
79,2012-05-29,43538,2.6000,10,10,39.99998000
79,2012-05-30,142124,3.3750,8,8,32.29166250
79,2012-09-27,206673,8.3333,10,6,21.59390000
79,2012-09-28,206675,8.4000,11,10,24.72022000
79,2012-10-01,206979,4.8333,6,6,22.91666667
79,2012-10-02,206752,7.2000,15,15,19.77933333
79,2012-10-04,78421,2.7778,9,9,37.03701111
79,2012-10-05,132477,3.0000,4,4,33.33330000
79,2012-10-06,132744,2.7143,7,7,38.09521429
79,2012-10-09,46940,2.0000,2,2,50.00000000
79,2012-10-10,78877,3.0000,10,10,34.99998000
79,2012-10-15,47366,2.5556,9,9,41.66665556
79,2012-10-16,133771,2.2500,4,4,45.83332500
79,2012-10-17,207050,7.0000,2,2,15.55555000
79,2012-10-21,133883,4.2000,10,10,24.33333000
79,2012-10-22,134244,3.4286,7,7,34.28571429
79,2012-10-24,305171,2.4000,10,10,44.16666000
79,2012-10-26,161716,5.6250,8,8,26.77082500
79,2012-10-27,162247,8.0000,2,2,12.69840000
79,2012-10-29,162300,8.3333,3,3,12.75253333
79,2012-10-30,207402,5.0000,1,1,20.00000000
79,2012-11-03,49194,3.7778,9,9,30.09257778
79,2012-11-04,385605,3.3077,13,13,32.69230000
79,2012-11-10,385962,3.0000,1,1,33.33330000
79,2012-11-11,66148,2.5000,4,4,43.75000000
79,2012-11-12,385629,4.0000,4,4,29.16667500
79,2012-11-13,66149,6.0000,4,4,18.75000000
79,2012-11-14,66265,3.0000,4,4,35.41665000
79,2012-11-16,66916,2.3333,3,3,44.44443333
79,2012-11-17,386868,3.3333,6,6,30.55553333
79,2012-11-18,243908,6.0000,1,1,16.66670000
79,2012-11-19,236707,2.0000,1,1,50.00000000
79,2012-11-20,236637,3.6364,11,11,28.78786364
79,2012-11-30,66265,4.8333,12,12,21.25000833
79,2012-12-02,67258,4.0000,2,2,25.00000000
79,2012-12-04,333107,4.1538,13,13,24.99999231
79,2013-01-10,126293,3.0000,1,1,33.33330000
79,2013-01-11,126532,2.0000,1,1,50.00000000
79,2013-01-15,3898,2.6000,5,5,39.99998000
79,2013-01-19,333500,4.1429,7,7,25.95237143
79,2013-01-22,58064,2.8333,6,6,36.11108333
79,2013-01-23,14012,3.2857,7,7,32.61902857
79,2013-01-25,58978,4.5000,2,2,22.50000000
79,2013-01-28,59279,3.0909,11,11,34.09089091
79,2013-02-04,256018,2.6667,3,3,41.66666667
79,2013-02-05,339872,2.0000,1,1,50.00000000
79,2013-02-10,255951,4.0000,2,2,25.00000000
79,2013-02-11,333700,4.2000,10,10,25.66666000
79,2013-02-12,124034,5.1818,11,11,21.60174545
99,2012-03-28,162048,2.0000,2,2,50.00000000
99,2012-03-29,162106,5.4545,35,11,64.39394545
99,2012-04-02,33833,3.8333,14,12,30.13887500
99,2012-04-03,34158,3.0000,11,10,38.33332000
99,2012-04-05,19496,3.2632,26,19,41.75436842
99,2012-04-09,175155,2.3333,3,3,44.44443333
99,2012-04-10,18441,2.4118,18,17,46.56861765
99,2012-04-12,118075,3.6111,18,18,28.79627778
99,2012-04-16,118160,4.2400,25,25,25.60951600
99,2012-04-17,118434,4.6316,19,19,23.03258421
99,2012-04-19,118606,4.2308,13,13,29.16666923
99,2012-04-21,86231,3.0000,1,1,33.33330000
99,2012-04-23,118889,4.0588,17,17,28.19327647
99,2012-04-24,119044,3.6667,18,18,28.98146111
99,2012-04-26,119178,4.1000,10,10,25.66666000
99,2012-04-30,108713,3.7895,19,19,28.12028421
99,2012-05-01,119564,4.2500,8,8,26.16070000
99,2012-05-06,119680,4.5385,13,13,24.12086923
99,2012-05-07,41049,3.3077,26,26,33.20511154
99,2012-05-08,376288,3.0000,1,1,33.33330000
99,2012-05-10,377080,3.0000,1,1,33.33330000
99,2012-05-13,41292,2.4167,12,12,43.05554167
99,2012-05-14,340,3.0556,18,18,35.51585000
99,2012-05-15,41048,4.2308,14,13,31.18130769
99,2012-05-16,42147,3.2000,5,5,33.33332000
99,2012-05-17,42364,3.6000,10,10,28.33332000
99,2012-05-18,324925,2.5000,4,4,41.66665000
99,2012-05-21,42333,3.2500,24,24,37.33795000
99,2012-05-22,42967,2.6875,16,16,40.62499375
99,2012-05-23,43285,2.8000,5,5,36.66664000
99,2012-05-29,43381,2.2941,17,17,45.58822941
99,2012-05-30,293688,2.6667,3,3,38.88886667
99,2012-09-27,206722,7.0000,3,3,15.13226667
99,2012-09-28,206669,11.6667,18,18,11.86393889
99,2012-10-01,207395,3.0000,1,1,33.33330000
99,2012-10-02,206775,6.4615,13,13,18.60223077
99,2012-10-04,78427,3.0714,14,14,34.52379286
99,2012-10-05,132565,2.5000,2,2,41.66665000
99,2012-10-09,46877,3.5714,7,7,36.11110000
99,2012-10-10,78572,3.4783,23,23,33.26086087
99,2012-10-14,46960,4.0000,2,2,25.00000000
99,2012-10-15,47605,2.7500,16,16,38.74998125
99,2012-10-16,2631,2.7143,7,7,39.28570000
99,2012-10-21,133813,3.0000,2,2,37.50000000
99,2012-10-24,305156,2.0000,3,3,50.00000000
99,2012-10-26,161739,6.1250,8,8,23.31438750
99,2012-10-27,162163,7.0000,1,1,14.28570000
99,2012-10-29,162380,7.0000,1,1,14.28570000
99,2012-11-03,49009,3.4000,10,10,30.83332000
99,2012-11-04,385619,2.0000,1,1,50.00000000
99,2012-11-10,385800,2.8333,6,6,36.11108333
99,2012-11-11,66166,2.0000,2,2,50.00000000
99,2012-11-12,385557,3.0000,2,2,37.50000000
99,2012-11-13,243896,4.0000,1,1,25.00000000
99,2012-11-14,386712,3.5000,2,2,29.16665000
99,2012-11-16,66592,2.2778,18,18,45.83332778
99,2012-11-17,386786,2.7778,9,9,37.03701111
99,2012-11-18,244033,2.0000,1,1,50.00000000
99,2012-11-20,236499,3.4571,35,35,30.66665429
99,2012-11-26,255431,2.0000,1,1,50.00000000
99,2012-11-27,6575,3.0000,1,1,33.33330000
99,2012-11-30,66754,5.0000,4,4,20.00000000
99,2012-12-02,67333,5.0000,1,1,20.00000000
99,2012-12-04,333059,3.5385,13,13,29.10254615
99,2012-12-10,307026,2.6667,3,3,41.66666667
99,2013-01-11,126348,2.6667,3,3,38.88886667
99,2013-01-14,3638,2.6667,3,3,41.66666667
99,2013-01-15,3851,2.0000,2,2,50.00000000
99,2013-01-17,57818,2.0000,3,3,50.00000000
99,2013-01-19,57951,2.5000,2,2,41.66665000
99,2013-01-21,57994,2.0000,2,2,50.00000000
99,2013-01-22,156307,2.0000,2,2,50.00000000
99,2013-01-23,14065,4.0000,1,1,25.00000000
99,2013-01-24,126029,2.0000,2,2,50.00000000
99,2013-01-25,59049,2.6667,3,3,38.88886667
99,2013-01-26,59222,2.0000,1,1,50.00000000
99,2013-01-28,59231,2.5455,11,11,41.66665455
99,2013-02-04,255617,3.0000,1,1,33.33330000
99,2013-02-05,255523,3.1667,6,6,33.33331667
99,2013-02-10,255927,3.0000,2,2,33.33330000
99,2013-02-11,333609,3.3889,18,18,30.09257222
99,2013-02-12,255617,5.0000,1,1,20.00000000
