id,time,1,2,3,4,5,6,7,8,9,10,11,12,13,14,15,16,17,18,19,20,21
262452,2006-11-06 00:47:57,,,37.5,,,,,,,,,,,,37.5,,,,,,
262489,2006-11-06 01:39:01,,,36.36363636363637,,,,,,,,,,,,36.36363636363637,,,,,,
262517,2006-11-06 02:26:23,,,40.0,,,,,,,,,,,,40.0,,,,,,
262539,2006-11-06 02:28:29,,,50.0,,,,,,,,,,,,50.0,,,,,,
262586,2006-11-06 03:33:05,17.5,,40.0,,,,,,4.166666666666667,,,,,,40.0,,,,,,
132342,2006-01-19 03:22:40,25.0,,,,,,,,25.0,,,,,,,,,,,,
132376,2006-01-19 21:15:03,60.0,,,,,,,,60.0,,,,,,,,,,,,
132397,2006-01-19 21:53:34,32.38095238095238,,,,,,,19.523809523809526,27.857142857142854,,,10.5,,,22.73809523809524,,,,,,20.85714285714286
132447,2006-01-20 01:49:58,,,,,,,,,,,,17.78846153846154,,,24.871794871794872,,,,,,19.583333333333336
132471,2006-01-20 01:59:34,,,,,,,,,,,,16.25,,,17.692307692307693,,,,,,13.942307692307693
132501,2006-01-20 02:23:43,,,,,,,,,,,,,,,40.0,,,,,,40.0
132521,2006-01-20 02:29:02,,,,,,,,,,,,15.0,,,20.0,,,,,,25.0
132541,2006-01-20 02:30:59,,,,,,,,,,,,10.0,,,12.5,,,,,,22.5
132565,2006-01-20 02:42:38,,,,,,,,,,,,20.833333333333336,,,25.0,,,,,,20.833333333333336
132591,2006-01-20 03:07:43,,,,,,,,,,,,,,,25.0,,,,,,25.0
132619,2006-01-20 03:29:12,,,,,,,,,,,,16.666666666666668,,,44.04761904761905,,,,,,44.04761904761905
132642,2006-01-20 03:38:47,,,,,,,,,,,,,,,25.0,,,,,,25.0
132666,2006-01-20 04:02:54,,,,,,,,,,,,,,,25.0,,,,,,25.0
132691,2006-01-20 04:10:35,,,,,,,,,,,,,,,30.0,,,,,,30.0
132712,2006-01-20 04:13:27,,,,,,,,,,,,,,,14.285714285714286,,,,,,14.285714285714286
132734,2006-01-20 04:30:14,,,,,,,,,,,,,,,30.0,,,,,,30.0
132764,2006-01-20 04:49:41,,,,,,,,,,,,,,,27.272727272727273,,,,,,27.272727272727273
132788,2006-01-20 04:52:24,,33.46938775510204,,,,,2.380952380952381,33.46938775510204,26.46258503401361,,,,21.496598639455783,,22.01814058956916,17.369614512471657,,,,,22.01814058956916
78689,2005-07-28 11:47:43,,,,,,,65.0,65.0,65.0,,,,42.5,,,27.5,,,,,
78710,2005-07-28 11:57:01,,,,,,,,22.5,,,,,26.785714285714285,,,24.285714285714285,,,,,
78758,2005-07-28 12:08:33,,43.0,,,,,36.666666666666664,43.0,25.0,,,,22.404761904761905,,,22.404761904761905,,,,,
66679,2005-06-28 10:44:26,,0.0,,,,,,16.666666666666668,,,,,,,,16.666666666666668,,,,,
2670,2004-12-02 22:55:51,,11.805555555555555,,,,,25.0,11.805555555555555,25.0,,,,,,,12.5,,,,,
67021,2005-06-28 12:48:16,,,,,,,13.333333333333334,26.111111111111114,8.333333333333334,,,,,,,17.77777777777778,,,,,
67213,2005-06-28 14:48:34,,,,,,,9.166666666666668,14.375,0.0,,,,0.0,,,13.541666666666668,,,,,
67375,2005-06-28 15:42:43,,,,,,,100.0,100.0,100.0,,,,,,,100.0,,,,,
404329,2007-09-27 01:23:34,,,,,,,71.42857142857143,71.42857142857143,42.857142857142854,,,,,,,,,,,,
404349,2007-09-27 01:31:01,,,,,,,41.25874125874126,40.90909090909091,45.8041958041958,,,,,,,,,,,,
404369,2007-09-27 01:46:06,,,,,,,40.4040404040404,42.22222222222222,38.18181818181819,,,,,,,,,,,,
404389,2007-09-27 02:10:07,,,,,,,60.0,80.0,80.0,,,,,,,,,,,,
404409,2007-09-27 02:13:47,,,,,,,73.33333333333334,81.66666666666666,75.0,,,,,,,,,,,,
404429,2007-09-27 02:18:24,,,,,,,73.33333333333334,58.333333333333336,65.0,,,,,,,,,,,,
404449,2007-09-27 02:26:07,,,,,,,66.96428571428572,77.38095238095238,72.91666666666666,,,,,,,,,,,,
404469,2007-09-27 02:39:23,,,,,,,56.25,62.5,68.75,,,,,,,,,,,,
404489,2007-09-27 02:56:57,,,,,,,80.0,73.33333333333334,73.33333333333334,,,,,,,,,,,,
404509,2007-09-27 03:18:45,,,,,,,34.285714285714285,33.035714285714285,38.75,,,,,,,,,,,,
404529,2007-09-27 03:24:00,,,,,,,54.54545454545455,57.27272727272727,57.27272727272727,,,,,,,,,,,,
404549,2007-09-27 03:26:27,,,,,,,41.66666666666667,56.66666666666667,65.0,,,,,,,,,,,,
404569,2007-09-27 03:28:47,,,,,,,71.36363636363637,75.0,76.36363636363637,,,,,,,,,,,,
404589,2007-09-27 03:30:56,,,,,,,65.27777777777777,50.505050505050505,60.22727272727273,,,,,,,,,,,,
404609,2007-09-27 03:32:11,,,,,,,66.66666666666666,53.57142857142857,70.23809523809524,,,,,,,,,,,,
404629,2007-09-27 03:34:28,,,,,,,75.0,61.90476190476191,70.23809523809524,,,,,,,,,,,,
404649,2007-09-27 03:41:56,,,,,,,78.57142857142857,74.10714285714286,66.96428571428572,,,,,,,,,,,,
404669,2007-09-27 03:47:56,,,,,,,85.71428571428572,71.42857142857143,85.71428571428572,,,,,,,,,,,,
404689,2007-09-27 03:50:40,,,,,,,47.27272727272727,45.45454545454545,38.18181818181819,,,,,,,,,,,,
404709,2007-09-27 03:56:06,,,,,,,42.72727272727273,52.72727272727273,50.0,,,,,,,,,,,,
404729,2007-09-27 03:58:48,,,,,,,52.77777777777778,61.111111111111114,58.333333333333336,,,,,,,,,,,,
404749,2007-09-27 04:13:59,,,,,,,64.58333333333334,61.111111111111114,59.02777777777778,,,,,,,,,,,,
404769,2007-09-27 04:17:16,,,,,,,56.25,67.85714285714286,74.10714285714286,,,,,,,,,,,,
404789,2007-09-27 04:23:14,,,,,,,52.77777777777778,40.27777777777778,37.5,,,,,,,,,,,,
404809,2007-09-27 04:27:25,,,,,,,49.43181818181819,47.91666666666667,34.84848484848485,,,,,,,,,,,,
404829,2007-09-27 04:38:33,,,,,,,75.0,69.44444444444444,61.111111111111114,,,,,,,,,,,,
404849,2007-09-27 04:40:23,,,,,,,40.0,40.0,40.0,,,,,,,,,,,,
404869,2007-09-27 04:42:54,,,,,,,34.84848484848485,47.91666666666667,49.43181818181819,,,,,,,,,,,,
404889,2007-09-27 04:45:13,,,,,,,73.61111111111111,76.26262626262626,60.984848484848484,,,,,,,,,,,,
404909,2007-09-27 04:47:42,,,,,,,59.82142857142857,53.57142857142857,56.25,,,,,,,,,,,,
404929,2007-09-27 04:49:15,,,,,,,47.22222222222222,67.85714285714286,65.07936507936508,,,,,,,,,,,,
404949,2007-09-27 04:52:09,,,,,,,47.22222222222222,50.0,47.22222222222222,,,,,,,,,,,,
404969,2007-09-27 04:58:29,,,,,,,71.42857142857143,53.57142857142857,67.85714285714286,,,,,,,,,,,,
404989,2007-09-27 05:01:43,,,,,,,63.492063492063494,55.714285714285715,47.77777777777778,,,,,,,,,,,,
405009,2007-09-27 05:06:45,,,,,,,44.44444444444444,47.22222222222222,47.22222222222222,,,,,,,,,,,,
405029,2007-09-27 05:18:14,,,,,,,47.22222222222222,53.47222222222222,56.25,,,,,,,,,,,,
405049,2007-09-27 05:20:56,,,,,,,40.0,30.0,33.333333333333336,,,,0.0,,,33.333333333333336,,,,,
119678,2005-11-14 09:42:18,,,,15.0,,,16.666666666666668,,16.666666666666668,,,,5.0,,,18.333333333333336,,,15.0,,
2517,2004-12-02 21:48:01,,77.77777777777779,,,,,,33.333333333333336,,,,,77.77777777777779,,,77.77777777777779,,,,,
2542,2004-12-02 21:50:49,,7.407407407407407,,,,,,7.407407407407407,,,,,0.0,,,0.0,,,,,
2573,2004-12-02 21:53:04,,28.571428571428573,,,,,,28.571428571428573,,,,,,,,,,,,,
2593,2004-12-02 22:00:20,,33.333333333333336,,,,,,33.333333333333336,,,,,,,,,,,,,
2613,2004-12-02 22:05:24,,20.0,,,,,,20.0,,,,,,,,,,,,,
2634,2004-12-02 22:27:17,,17.857142857142858,,,,,15.0,16.19047619047619,0.0,,,,,,,,,,,,
2672,2004-12-02 22:55:56,,30.625,,19.583333333333336,,,30.625,17.5,26.666666666666668,,,,30.625,,6.25,30.625,,,6.25,,
18408,2005-01-27 07:58:51,,,,,,,62.5,,62.5,,,,,,,,,,,,
18431,2005-01-27 08:01:27,,,,,,,45.45454545454545,,45.45454545454545,,,,,,,,,,,,
18455,2005-01-27 08:03:52,,,,,,,55.55555555555556,,55.55555555555556,,,,,,,,,,,,
18476,2005-01-27 08:07:02,,,,,,,42.857142857142854,,42.857142857142854,,,,,,,,,,,,
18500,2005-01-27 08:10:47,,,,,,,27.272727272727273,,27.272727272727273,,,,,,,,,,,,
18522,2005-01-27 08:12:06,,,,,,,57.142857142857146,,57.142857142857146,,,,,,,,,,,,
18543,2005-01-27 08:13:19,,,,,,,55.55555555555556,,55.55555555555556,,,,,,,,,,,,
18567,2005-01-27 08:15:11,,,,,,,71.42857142857143,,71.42857142857143,,,,,,,,,,,,
18591,2005-01-27 08:16:55,,,,,,,75.0,,75.0,,,,,,,,,,,,
18615,2005-01-27 08:20:23,,,,,,,30.76923076923077,,30.76923076923077,,,,,,,,,,,,
18639,2005-01-27 08:23:20,,,,,,,40.0,,40.0,,,,,,,,,,,,
18663,2005-01-27 08:25:49,,,,,,,60.0,,60.0,,,,,,,,,,,,
18686,2005-01-27 08:30:24,,,,,,,44.44444444444444,,44.44444444444444,,,,,,,,,,,,
18707,2005-01-27 08:40:09,,,,,,,58.333333333333336,,58.333333333333336,,,,,,,,,,,,
18731,2005-01-27 08:42:26,,,,30.90277777777778,,,23.011363636363637,30.90277777777778,21.96969696969697,,,,,,5.902777777777778,,,,,,
18752,2005-01-27 08:48:52,,,16.130952380952383,17.222222222222225,,,21.13095238095238,17.65873015873016,23.21428571428571,,,,,,0.0,,,,0.0,,
46880,2005-05-12 01:18:07,,,11.111111111111112,,,,38.88888888888889,22.222222222222225,38.88888888888889,,,,,,,,,,,,
46903,2005-05-12 01:21:47,,,0.0,,,,,30.0,30.0,,,,,,,,,,,,
46910,2005-05-12 01:23:28,,,8.333333333333334,,,,,36.904761904761905,28.571428571428573,,,,,,,,,,,,
19337,2005-01-27 14:28:54,,,14.285714285714286,,,,,23.80952380952381,23.80952380952381,,,,,,,,,,,,
19357,2005-01-27 14:35:36,,,18.75,,,,,39.583333333333336,45.833333333333336,,,,,,,,,,,,
46920,2005-05-12 01:24:52,,,18.75,,,,,31.25,37.5,,,,,,,,,,,,
19398,2005-01-27 14:38:49,,,8.333333333333334,,,,,16.666666666666668,25.0,,,,,,,,,,,,
46927,2005-05-12 01:30:47,,,11.805555555555555,,,,,39.583333333333336,38.88888888888889,,,,,,,,,,,,
19439,2005-01-27 14:42:56,,,12.5,,,,,36.25,36.25,,,,,,,,,,,,
19459,2005-01-27 14:45:14,,,6.25,,,,,27.272727272727273,33.52272727272727,,,,,,,,,,,,
46937,2005-05-12 01:44:58,,,8.571428571428573,47.33333333333333,,,47.33333333333333,19.3015873015873,20.158730158730158,,,,,,47.33333333333333,,,,,,
19499,2005-01-27 14:50:44,,,5.714285714285714,46.857142857142854,,,46.857142857142854,24.285714285714285,22.0,,,,,,46.857142857142854,,,,,,
19520,2005-01-27 14:55:37,,,19.444444444444443,,,,,31.11111111111111,28.333333333333336,,,,,,,,,,,,
19540,2005-01-27 14:58:17,,,5.0,25.0,,,25.0,23.055555555555554,23.055555555555554,,,,,,0.0,,,,,,
19562,2005-01-27 15:03:03,,,33.57142857142857,52.38095238095239,,,52.38095238095239,25.142857142857146,21.571428571428573,,,,,,52.38095238095239,,,,,,
19582,2005-01-27 15:05:38,,,19.841269841269842,,,,,39.285714285714285,30.555555555555557,,,,,,,,,,,,
19602,2005-01-27 15:07:23,,,0.0,,,,,25.0,25.0,,,,,,,,,,,,
19622,2005-01-27 15:09:00,,,14.285714285714286,,,,,57.142857142857146,57.142857142857146,,,,,,,,,,,,
19642,2005-01-27 15:10:37,,,16.666666666666668,,,,,33.333333333333336,33.333333333333336,,,,,,,,,,,,
19662,2005-01-27 15:12:22,,,34.285714285714285,,,,,39.285714285714285,45.0,,,,,,,,,,,,
19682,2005-01-27 15:14:05,,,13.88888888888889,,,,,33.333333333333336,30.555555555555557,,,,,,,,,,,,
19704,2005-01-27 15:19:25,,,33.035714285714285,,,,,46.52777777777778,42.06349206349206,,,,,,,,,,,,
19724,2005-01-27 15:23:32,,,25.0,,,,,41.66666666666667,33.333333333333336,,,,,,,,,,,,
19744,2005-01-27 15:28:10,,,19.841269841269842,,,,,26.785714285714285,18.055555555555557,,,,,,,,,,,,
19764,2005-01-27 15:31:39,,,31.11111111111111,,,,,47.77777777777778,38.888888888888886,,,,,,,,,,,,
19784,2005-01-27 15:33:21,,,0.0,,,,,35.714285714285715,35.714285714285715,,,,,,,,,,,,
19804,2005-01-27 15:35:27,,,0.0,,,,,27.272727272727273,27.272727272727273,,,,,,,,,,,,
19824,2005-01-27 15:37:52,,,0.0,,,,,18.75,18.75,,,,,,,,,,,,
19844,2005-01-27 15:39:15,,,0.0,,,,,37.5,37.5,,,,,,,,,,,,
19864,2005-01-27 15:40:56,,,17.142857142857142,,,,,45.714285714285715,42.85714285714286,,,,,,,,,,,,
19885,2005-01-27 15:42:32,,,,,,,,50.0,50.0,,,,,,,,,,,,
47008,2005-05-12 02:47:53,,,0.0,,,,,28.571428571428573,28.571428571428573,,,,,,,,,,,,
19928,2005-01-27 15:51:20,,,,,,,,62.5,62.5,,,,,,,,,,,,
19953,2005-01-27 15:53:57,,,,,,,,57.142857142857146,57.142857142857146,,,,,,,,,,,,
19974,2005-01-27 15:58:59,,,,,,,,60.0,60.0,,,,,,,,,,,,
19998,2005-01-27 16:00:32,,,,,,,,57.142857142857146,57.142857142857146,,,,,,,,,,,,
20020,2005-01-27 16:02:29,,,,,,,,66.66666666666667,66.66666666666667,,,,,,,,,,,,
20044,2005-01-27 16:04:36,,,,,,,,40.0,40.0,,,,,,,,,,,,
20066,2005-01-27 16:07:56,,,,,,,,28.571428571428573,28.571428571428573,,,,,,,,,,,,
20087,2005-01-27 16:12:09,,,,,,,,62.5,62.5,,,,,,,,,,,,
20109,2005-01-27 16:19:13,,,,,,,,83.33333333333333,83.33333333333333,,,,,,,,,,,,
20153,2005-01-27 16:32:42,,,,,,,,42.857142857142854,42.857142857142854,,,,,,,,,,,,
20177,2005-01-27 16:36:18,,,,,,,,50.0,50.0,,,,,,,,,,,,
20201,2005-01-27 16:39:43,,,,,,,,42.857142857142854,42.857142857142854,,,,,,,,,,,,
20225,2005-01-27 16:43:28,,,,,,,,50.0,50.0,,,,,,,,,,,,
20249,2005-01-27 16:48:57,,,,,,,,83.33333333333333,83.33333333333333,,,,,,,,,,,,
20273,2005-01-27 16:52:03,,,,,,,,57.142857142857146,57.142857142857146,,,,,,,,,,,,
20296,2005-01-27 18:08:52,,,,0.0,,,5.555555555555556,18.055555555555557,15.833333333333334,,,,21.944444444444446,,,14.166666666666666,,,0.0,,
162018,2006-05-19 05:21:04,,,,84.16666666666666,76.0,,84.16666666666666,84.16666666666666,84.16666666666666,,,,,,32.66666666666667,,,,,,
162039,2006-05-19 05:46:07,,,,77.97979797979798,43.63636363636364,,77.97979797979798,77.97979797979798,77.97979797979798,,,,,,42.82828282828283,,,,,,
162059,2006-05-19 05:50:20,,,,71.66666666666666,25.0,,71.66666666666666,71.66666666666666,71.66666666666666,,,,,,31.666666666666668,,,,,,
162082,2006-05-19 05:55:10,,,,84.0909090909091,,,84.0909090909091,84.0909090909091,84.0909090909091,,,,,,36.36363636363637,,,,,,
162103,2006-05-19 05:59:11,,,,64.3452380952381,,,66.60714285714286,61.39069264069264,56.25000000000001,,,,,,21.21212121212121,,,,,,
162127,2006-05-19 06:04:00,,,,61.74603174603175,,,50.69444444444444,59.464285714285715,61.74603174603175,,,,,,19.166666666666668,,,,,,
162216,2006-05-19 06:22:40,,,,79.31818181818181,,,74.24242424242425,75.45454545454545,79.31818181818181,,,,,,36.51515151515152,,,,,,
162265,2006-05-19 06:29:57,,,,85.0,,,85.0,85.0,85.0,,,,,,40.0,,,,,,
162338,2006-05-19 06:43:38,,,,90.625,,,90.625,90.625,87.05357142857143,,,,,,77.67857142857143,,,,,,
162383,2006-05-19 06:51:08,,,,77.38095238095238,,,69.64285714285714,80.35714285714286,80.35714285714286,,,,,,60.11904761904762,,,,,,
162403,2006-05-19 06:53:33,,,,78.125,,,57.589285714285715,78.125,78.125,,,,,,48.214285714285715,,,,,,
162423,2006-05-19 06:56:57,,,,85.0,,,85.0,85.0,85.0,,,,,,40.0,,,,,,
162443,2006-05-19 07:00:20,,,,55.95238095238095,,,38.541666666666664,42.94642857142857,55.95238095238095,,,,,,17.500000000000004,,,,,,
162463,2006-05-19 07:11:35,,,,,,,48.41269841269841,48.41269841269841,44.76190476190476,,,,,,17.777777777777782,,,,,,
162483,2006-05-19 07:15:36,,,,,,,43.75,52.083333333333336,58.333333333333336,,,,,,,,,,,,
162503,2006-05-19 07:18:21,,,,,,,55.55555555555556,55.55555555555556,55.55555555555556,,,,,,,,,,,,
162523,2006-05-19 07:25:19,,,,,,,47.77777777777778,63.492063492063494,55.714285714285715,,,,,,,,,,,,
162543,2006-05-19 07:28:44,,,,,,,30.952380952380956,35.41666666666667,33.035714285714285,,,,,,,,,,,,
162573,2006-05-19 07:34:10,,,,,,,75.0,59.02777777777778,71.52777777777777,,,,,,,,,,,,
162595,2006-05-19 07:45:00,,,,,,,63.492063492063494,60.714285714285715,52.77777777777778,,,,,,,,,,,,
162615,2006-05-19 07:50:38,,,,,,,53.57142857142857,43.75,47.32142857142857,,,,,,,,,,,,
162635,2006-05-19 07:52:41,,,,,,16.666666666666668,39.44444444444445,22.222222222222225,39.44444444444445,,,,,,,,,,,,
162655,2006-05-19 07:54:06,,,0.0,,,,29.523809523809522,28.571428571428573,39.047619047619044,,,,,,,,,,,,
33731,2005-03-25 21:33:00,,,,,,,61.90476190476191,73.33333333333334,68.57142857142857,,,,,,,,,,,,
33751,2005-03-25 21:34:21,,,,,,,80.0,90.0,90.0,,,,,,,,,,,,
33772,2005-03-25 21:37:58,,,,,,,62.5,52.77777777777778,65.27777777777777,,,,,,,,,,,,
33792,2005-03-25 21:40:37,,,,,,,64.58333333333334,69.04761904761905,66.96428571428572,,,,,,,,,,,,
33812,2005-03-25 21:48:27,,,,,,,81.25,81.25,87.5,,,,,,,,,,,,
33832,2005-03-25 21:52:35,,,,,,,50.0,55.714285714285715,65.71428571428572,,,,,,,,,,,,
33852,2005-03-25 21:58:10,,,,,,,53.47222222222222,50.0,59.02777777777778,,,,,,,,,,,,
33872,2005-03-25 22:15:04,,,,,,,59.72222222222222,44.44444444444444,59.72222222222222,,,,,,,,,,,,
33892,2005-03-25 22:18:49,,,,,,,75.0,61.90476190476191,70.23809523809524,,,,,,,,,,,,
33912,2005-03-25 22:21:16,,,,,,,64.58333333333334,64.58333333333334,62.5,,,,,,,,,,,,
33932,2005-03-25 22:27:10,,,,,,,47.22222222222222,43.650793650793645,46.42857142857143,,,,,,,,,,,,
33953,2005-03-25 22:35:36,,,,,,,47.22222222222222,50.0,47.22222222222222,,,,,,,,,,,,
33973,2005-03-25 22:46:31,,,,,,,62.5,81.25,81.25,,,,,,,,,,,,
33993,2005-03-25 22:49:15,,,,,,,44.94949494949495,47.72727272727273,47.22222222222222,,,,,,,,,,,,
34013,2005-03-25 22:54:21,,,,,,,46.96969696969697,31.81818181818182,51.515151515151516,,,,,,,,,,,,
34033,2005-03-25 23:00:41,,,,,,,77.38095238095238,78.57142857142857,84.52380952380952,,,,,,,,,,,,
34053,2005-03-25 23:04:24,,,,,,,53.57142857142857,53.57142857142857,57.142857142857146,,,,,,,,,,,,
34073,2005-03-25 23:07:31,,,,,,,58.92857142857143,66.07142857142857,50.0,,,,,,,,,,,,
34093,2005-03-25 23:15:07,,,,,,,56.25,53.47222222222222,47.22222222222222,,,,,,,,,,,,
34113,2005-03-25 23:19:40,,,,,,,68.75,72.91666666666666,79.16666666666666,,,,,,,,,,,,
34134,2005-03-25 23:43:24,,,,,,,65.07936507936508,47.22222222222222,67.85714285714286,,,,,,,,,,,,
34154,2005-03-25 23:47:51,,,,,,,65.0,50.83333333333333,55.83333333333333,,,,,,,,,,,,
34174,2005-03-25 23:51:17,,,33.333333333333336,,,,55.555555555555564,47.61904761904762,47.61904761904762,,,,,,,,,,,,
123488,2005-11-22 18:26:53,,,47.61904761904762,,,,39.68253968253968,47.61904761904762,33.333333333333336,,,,,,,,,,,,
41052,2005-04-26 00:34:08,,,48.48484848484848,,,,61.44781144781145,59.25925925925926,50.0,,,,,,,,,,,,
41072,2005-04-26 01:03:59,,,46.63299663299663,,,,51.785714285714285,48.14814814814815,55.032467532467535,,,,,,,,,,,,
41095,2005-04-26 01:07:06,,,36.507936507936506,,,,44.285714285714285,35.55555555555556,50.0,,,,,,,,,,,,
41124,2005-04-26 01:39:53,39.66666666666667,,45.0,,,,33.23809523809524,41.66666666666667,33.23809523809524,39.66666666666667,,,,,,,,,,,
41149,2005-04-26 02:53:56,20.833333333333336,,,,,,32.29166666666667,32.29166666666667,31.25,20.833333333333336,,,,,,,,,,,
41270,2005-04-26 04:34:15,20.23809523809524,,,,,,24.503968253968257,27.976190476190474,28.452380952380953,22.59920634920635,,,,,,,,,,,
41335,2005-04-26 05:39:03,,,,,,,42.857142857142854,38.095238095238095,38.095238095238095,,,,,,,,,,,,
41392,2005-04-26 05:54:19,,,,,,,54.76190476190476,50.0,38.095238095238095,,,,,,,,,,,,
41416,2005-04-26 06:00:15,,,,,,,44.44444444444444,43.650793650793645,43.650793650793645,,,,,,,,,,,,
41440,2005-04-26 06:03:32,,,,,,,26.136363636363637,27.922077922077925,26.785714285714285,,,,,,,,,,,,
41469,2005-04-26 06:07:58,,,,,,,30.952380952380956,47.61904761904762,50.0,,,,,,,,,,,,
41500,2005-04-26 06:13:28,29.166666666666668,,,,,,27.380952380952383,27.38095238095238,25.0,29.166666666666668,,,,,,,,,,,
41536,2005-04-26 06:18:32,15.376984126984127,,,,,,25.694444444444443,27.182539682539684,17.708333333333336,16.319444444444446,,,,,,,,,,,
41583,2005-04-26 06:32:28,,,,,,,33.92857142857143,37.5,46.42857142857143,,,,,,,,,,,,
41632,2005-04-26 06:43:58,,,,,,,50.0,40.17857142857143,52.67857142857143,,,,,,,,,,,,
41673,2005-04-26 06:47:48,,,,,,,42.857142857142854,51.42857142857143,51.42857142857143,,,,,,,,,,,,
41695,2005-04-26 07:19:24,,,,,,,66.66666666666666,55.0,71.66666666666666,,,,,,,,,,,,
41716,2005-04-26 07:28:08,,,,,,,64.58333333333334,52.083333333333336,50.0,,,,,,,,,,,,
41736,2005-04-26 07:52:26,,,,,,,27.692307692307693,26.442307692307693,38.75,,,,,,,,,,,,
41759,2005-04-26 08:39:56,,,,,,,66.96428571428572,64.28571428571429,59.82142857142857,,,,,,,,,,,,
41779,2005-04-26 09:05:26,,,,,,,66.66666666666666,70.23809523809524,53.57142857142857,,,,,,,,,,,,
41802,2005-04-26 09:54:38,,,,,,,40.4040404040404,47.22222222222222,43.18181818181819,,,,,,,,,,,,
41823,2005-04-26 10:00:18,,,,,,,45.0,43.18181818181819,38.18181818181819,,,,,,,,,,,,
41846,2005-04-26 10:08:58,,,,,,,41.66666666666667,46.42857142857143,38.095238095238095,,,,,,,,,,,,
41867,2005-04-26 10:20:30,,,,,,,37.5,52.77777777777778,40.27777777777778,,,,,,,,,,,,
41888,2005-04-26 10:27:30,,,,,,,56.66666666666667,60.769230769230774,57.43589743589744,,,,,,,,,,,,
41912,2005-04-26 10:47:59,,,,,,,53.333333333333336,51.25,64.58333333333334,,,,,,,,,,,,
41932,2005-04-26 10:59:48,,,,,,,20.0,36.42857142857143,26.428571428571427,,,,,,,,,,,,
41952,2005-04-26 11:02:41,,,,,,,54.54545454545455,50.505050505050505,59.5959595959596,,,,,,,,,,,,
41980,2005-04-26 11:27:04,,,,,,,60.714285714285715,66.96428571428572,56.25,,,,,,,,,,,,
42023,2005-04-26 12:19:35,,,,,,,32.5,26.136363636363637,33.63636363636364,,,,,,,,,,,,
42052,2005-04-26 13:12:11,,,,,,,40.17857142857143,50.0,47.32142857142857,,,,,,,,,,,,
42077,2005-04-26 14:07:56,,,,,,,63.07692307692308,67.27272727272728,50.34965034965035,,,,,,,,,,,,
42103,2005-04-26 14:24:28,,,,,,,50.505050505050505,52.77777777777778,47.72727272727273,,,,,,,,,,,,
42125,2005-04-26 14:39:28,,,,,,,32.53968253968254,35.714285714285715,25.3968253968254,,,,,,,,,,,,
42148,2005-04-26 14:43:44,,,,,,,50.0,43.75,43.75,,,,,,,,,,,,
42172,2005-04-26 14:49:45,,,,,,,50.0,45.0,45.0,,,,,,,,,,,,
42199,2005-04-26 14:55:47,,,,,,,30.303030303030305,33.333333333333336,30.303030303030305,,,,,,,,,,,,
42225,2005-04-26 15:01:55,,,,,,,41.66666666666667,41.66666666666667,50.0,,,,,,,,,,,,
42249,2005-04-26 15:08:37,,,,,,,62.5,81.25,81.25,,,,,,,,,,,,
42269,2005-04-26 15:11:21,,,,,,,50.7936507936508,53.57142857142857,47.22222222222222,,,,,,,,,,,,
42291,2005-04-26 15:17:38,,,,,,,31.666666666666668,35.0,36.66666666666667,,,,,,,,,,,,
42312,2005-04-26 15:23:25,,,,,,,50.0,59.02777777777778,53.47222222222222,,,,,,,,,,,,
42333,2005-04-26 15:28:17,,,,,,,63.333333333333336,51.515151515151516,48.18181818181819,,,,,,,,,,,,
42355,2005-04-26 15:33:15,,,,,,,52.72727272727273,67.5,60.22727272727273,,,,,,,,,,,,
42388,2005-04-26 15:43:30,,,,,,,47.77777777777778,66.66666666666666,58.888888888888886,,,,,,,,,,,,
42413,2005-04-26 15:49:27,,,,,,,83.33333333333334,83.33333333333334,66.66666666666667,,,,,,,,,,,,
42434,2005-04-26 15:53:41,,,,,,,35.41666666666667,41.66666666666667,43.75,,,,,,,,,,,,
42455,2005-04-26 15:57:18,,,,,,,38.18181818181819,61.666666666666664,59.848484848484844,,,,,,,,,,,,
42481,2005-04-26 16:45:43,,,,,,,55.55555555555556,52.77777777777778,52.77777777777778,,,,,,,,,,,,
42501,2005-04-26 16:52:07,,37.5,37.5,,,,37.5,47.91666666666667,47.91666666666667,,,,,,,,,,,,
174984,2006-06-04 18:16:30,,25.0,16.666666666666668,,,,25.0,,,,,,,,,,,,,,
175004,2006-06-04 19:56:04,,41.66666666666667,41.66666666666667,,,,33.333333333333336,,,,,,,,,,,,,,
175024,2006-06-04 20:10:36,,33.333333333333336,39.39393939393939,,,,39.39393939393939,,,,,,,,,,,,,,
175044,2006-06-04 20:28:27,,,30.0,,,,30.0,,,,,,,,,,,,,,
175064,2006-06-04 20:50:15,,,41.666666666666664,,,,41.666666666666664,,,,,,,,,,,,,,
175084,2006-06-04 20:52:50,,,90.0,,,,90.0,,,,,,,,,,,,,,
175104,2006-06-04 20:56:38,,,71.42857142857143,,,,71.42857142857143,,,,,,,,,,,,,,
175124,2006-06-04 20:59:24,,,100.0,,,,100.0,,,,,,,,,,,,,,
175144,2006-06-04 21:01:55,,,33.333333333333336,,,,33.333333333333336,,,,,,,,,,,,,,
175164,2006-06-04 21:09:12,,,33.333333333333336,,,,33.333333333333336,,,,,,,,,,,,,,
175184,2006-06-04 21:20:45,,,37.5,,,,37.5,,,,,,,,,,,,,,
175204,2006-06-04 21:42:31,,,55.55555555555556,,,,55.55555555555556,,,,,,,,,,,,,,
175224,2006-06-04 22:24:09,,,87.5,,,,87.5,,,,,,,,,,,,,,
175244,2006-06-04 22:29:42,,,50.0,,,,50.0,,,,,,,,,,,,,,
175264,2006-06-04 22:33:26,,,57.142857142857146,,,,57.142857142857146,,,,,,,,,,,,,,
175284,2006-06-04 22:39:52,,,50.0,,,,50.0,,,,,,,,,,,,,,
175304,2006-06-04 22:42:01,,,50.0,,,,50.0,,,,,,,,,,,,,,
175324,2006-06-04 22:49:46,,,37.5,,,,37.5,,,,,,,,,,,,,,
175344,2006-06-04 22:53:02,,,83.33333333333333,,,,83.33333333333333,,,,,,,,,,,,,,
175364,2006-06-04 22:59:27,,61.111111111111114,30.555555555555557,,,,41.666666666666664,,,,,,61.111111111111114,,,,,,,,
306998,2007-04-28 00:34:33,,20.0,,,,,,,,,,,20.0,,,,,,,,
119351,2005-11-14 08:36:32,34.04761904761905,,22.095238095238095,,,,0.0,20.000000000000004,20.666666666666668,,,,,,34.04761904761905,,,,,,
49143,2005-05-14 04:17:51,0.0,,,,,,21.714285714285715,,15.857142857142858,24.047619047619047,,,,,0.0,,,,,24.190476190476193,
445381,2008-04-08 02:37:01,,,,,,,,,,50.0,,,,,,,,,,50.0,
445420,2008-04-08 02:47:26,,,,,,,15.714285714285714,16.666666666666668,22.023809523809526,16.071428571428573,,,,,,,,,,8.571428571428571,
119623,2005-11-14 09:30:10,,,,,,,24.107142857142858,10.795454545454547,22.402597402597404,,,,,,,,,,,,
119651,2005-11-14 09:37:32,,,,53.0,46.5,,27.5,53.0,36.5,,,,,,46.5,,,,,,
162122,2006-05-19 06:03:40,,,,72.91666666666666,,,76.04166666666666,72.91666666666666,76.04166666666666,,,,,,31.25,,,,,,
162156,2006-05-19 06:13:15,,,,67.36111111111111,,,56.34469696969697,67.36111111111111,57.525252525252526,,,,,,26.875,,,,,,
162174,2006-05-19 06:15:33,,,,49.25595238095239,,,50.44642857142857,47.32142857142857,52.57936507936508,,,,,,21.626984126984127,,,,,,
162192,2006-05-19 06:17:59,,,,65.83333333333333,,,50.74404761904762,57.857142857142854,65.83333333333334,,,,,,15.029761904761905,,,,,,
162213,2006-05-19 06:21:45,,,,66.31944444444444,,,66.31944444444444,66.31944444444444,66.38888888888889,,,,,,11.180555555555557,,,,,,
162231,2006-05-19 06:25:09,,,,63.888888888888886,,,63.888888888888886,71.66666666666666,71.66666666666666,,,,,,21.11111111111111,,,,,,
119708,2005-11-14 09:48:11,,,,71.42857142857143,,,62.5,71.42857142857143,74.10714285714286,,,,,,43.75,,,,,,
162297,2006-05-19 06:35:44,,,,73.95833333333334,,,79.375,79.375,79.375,,,,,,30.833333333333336,,,,,,
162313,2006-05-19 06:38:23,,,,80.80357142857143,,,76.04166666666667,80.80357142857143,78.62103174603175,,,,,,61.80555555555556,,,,,,
162331,2006-05-19 06:41:43,,,,55.833333333333336,,,43.333333333333336,55.833333333333336,50.833333333333336,,,,16.666666666666668,,55.833333333333336,16.666666666666668,,,,,
162348,2006-05-19 06:44:47,,,,85.41666666666667,,,85.41666666666667,62.5,85.41666666666667,,,,,,68.75,,,,,,
119733,2005-11-14 09:54:12,,,,,,,37.5,,37.5,,,,,,,,,,,,
119754,2005-11-14 09:58:37,,,,,,,39.583333333333336,12.5,39.583333333333336,,,,,,,,,,,,
162574,2006-05-19 07:34:43,,,,,,,38.38383838383838,23.61111111111111,39.77272727272727,,,,,,,,,,,,
119823,2005-11-14 10:13:54,,,,,,,70.0,,70.0,,,,,,,,,,,,
119160,2005-11-14 07:39:28,,,,,,,50.0,,50.0,,,,,,,,,,,,
119180,2005-11-14 07:45:40,,,,,,,36.36363636363637,,36.36363636363637,,,,,,,,,,,,
119197,2005-11-14 07:49:51,,,,,,,36.36363636363637,,36.36363636363637,,,,,,,,,,,,
119216,2005-11-14 07:52:50,,,,,,,62.5,,62.5,,,,,,,,,,,,
119235,2005-11-14 07:57:55,,,,,,,71.42857142857143,,71.42857142857143,,,,,,,,,,,,
119255,2005-11-14 08:03:21,,,,,,,50.0,,50.0,,,,,,,,,,,,
119275,2005-11-14 08:08:59,,,,,,,34.920634920634924,14.285714285714286,34.920634920634924,,,,,,,,,,,,
41292,2005-04-26 05:30:02,,,16.666666666666668,,,,10.227272727272728,25.5952380952381,10.822510822510823,,,,,,,,,,,,
119313,2005-11-14 08:26:35,,,11.111111111111112,,,,24.074074074074076,26.85185185185185,25.0,,,,,,,,,,,,
119330,2005-11-14 08:32:30,,,,,,,27.727272727272727,13.333333333333334,31.060606060606062,,,,,,,,,,,,
119349,2005-11-14 08:35:32,,,,,,,57.142857142857146,,57.142857142857146,,,,,,,,,,,,
119372,2005-11-14 08:41:38,,,,,,,66.66666666666667,,66.66666666666667,,,,,,,,,,,,
119392,2005-11-14 08:46:49,,,0.0,,,,16.19047619047619,20.0,22.857142857142858,,,,,,,,,,,,
119410,2005-11-14 08:49:31,,,12.037037037037038,,,,9.764309764309765,0.0,14.393939393939396,,,,,,,,,,,,
119429,2005-11-14 08:51:54,,,,,,,50.0,,50.0,,,,,,,,,,,,
119448,2005-11-14 08:53:47,,,,,,,80.0,,80.0,,,,,,,,,,,,
119468,2005-11-14 08:57:05,,,,,,,41.666666666666664,,41.666666666666664,,,,,,,,,,,,
119488,2005-11-14 09:00:17,,,,,,,66.66666666666667,,66.66666666666667,,,,,,,,,,,,
119508,2005-11-14 09:08:29,,,,,,,50.0,,50.0,,,,,,,,,,,,
119529,2005-11-14 09:12:07,,,,,,,50.0,,50.0,,,,,,,,,,,,
119549,2005-11-14 09:19:57,,,,,,,70.0,,70.0,,,,,,,,,,,,
119577,2005-11-14 09:24:06,,,,,,,22.22222222222222,,22.22222222222222,,,,,,,,,,,,
119730,2005-11-14 09:53:21,,,,,,,18.055555555555557,13.88888888888889,20.833333333333336,,,,,,,,,,,,
119902,2005-11-14 10:38:18,,,,,,,31.25,7.142857142857143,38.392857142857146,,,,,,,,,,,,
120059,2005-11-14 17:34:26,,,,,,,37.5,,37.5,,,,,,,,,,,,
120094,2005-11-14 18:41:05,,,,,,,58.333333333333336,,58.333333333333336,,,,,,,,,,,,
120119,2005-11-14 18:53:13,,,,,,,50.0,,50.0,,,,,,,,,,,,
120152,2005-11-14 19:17:46,,,,,,,27.272727272727273,,27.272727272727273,,,,,,,,,,,,
120172,2005-11-14 19:21:15,,,,,,,62.5,,62.5,,,,,,,,,,,,
120192,2005-11-14 19:28:13,,,,,,,31.666666666666668,44.44444444444445,36.111111111111114,,,,,,,40.0,,,,,
66141,2005-06-28 01:10:01,,,,,,,,44.44444444444444,,,,,,,,44.44444444444444,,,,,
66161,2005-06-28 01:22:56,,,,,,,,50.0,,,,,,,,50.0,,,,,
66181,2005-06-28 01:32:38,,,,,,,,33.333333333333336,,,,,,,,33.333333333333336,,,,,
66203,2005-06-28 02:05:43,,,,,,,,57.142857142857146,,,,,,,,57.142857142857146,,,,,
66223,2005-06-28 02:12:01,,,,,,,,30.0,,,,,,,,30.0,,,,,
66246,2005-06-28 02:23:09,,,,,,,,16.666666666666668,,,,,,,,16.666666666666668,,,,,
66271,2005-06-28 02:26:59,,,,,,,,33.333333333333336,,,,,,,,33.333333333333336,,,,,
66291,2005-06-28 02:39:26,,,,,,,,50.0,,,,,,,,50.0,,,,,
66313,2005-06-28 02:55:17,,,,,,,,50.0,,,,,,,,50.0,,,,,
66333,2005-06-28 03:00:44,,,,,,,,80.0,,,,,,,,80.0,,,,,
66353,2005-06-28 03:07:17,,,,,,,,25.0,,,,,,,,25.0,,,,,
66373,2005-06-28 03:14:43,,,,,,,,25.0,,,,,,,,25.0,,,,,
66395,2005-06-28 03:20:39,,,,,,,,28.571428571428573,,,,,,,,28.571428571428573,,,,,
66415,2005-06-28 03:28:48,,,,,,,,75.0,,,,,,,,75.0,,,,,
66435,2005-06-28 03:35:08,,,,,,,,100.0,,,,,,,,100.0,,,,,
66455,2005-06-28 03:45:21,,,,,,,,20.0,,,,,,,,20.0,,,,,
66477,2005-06-28 03:53:03,,,,,,,,16.666666666666668,,,,,,,,16.666666666666668,,,,,
66498,2005-06-28 04:01:50,,,,,,,,33.333333333333336,,,,,,,,33.333333333333336,,,,,
66518,2005-06-28 04:06:31,,,,,,,,50.0,,,,,,,,50.0,,,,,
66581,2005-06-28 08:59:22,,,,,,,,25.0,,,,,,,,25.0,,,,,
66606,2005-06-28 09:34:17,,,,,,,,22.22222222222222,,,,,,,,22.22222222222222,,,,,
66634,2005-06-28 10:22:17,,,,,,,,50.0,,,,,,,,50.0,,,,,
66654,2005-06-28 10:25:37,,,,,,,,20.0,,,,,,,,20.0,,,,,
66674,2005-06-28 10:34:34,,,,,,,,37.5,,,,,,,,37.5,,,,,
66699,2005-06-28 10:52:21,,,,,,,,62.5,,,,,,,,62.5,,,,,
66723,2005-06-28 10:56:59,,,,,,,,14.285714285714286,,,,,,,,14.285714285714286,,,,,
66749,2005-06-28 11:05:20,,,,,,,,50.0,,,,,,,,50.0,,,,,
66772,2005-06-28 11:10:01,,,,,,,,20.0,,,,,,,,20.0,,,,,
66795,2005-06-28 11:14:50,,,,,,,,28.571428571428573,,,,,,,,28.571428571428573,,,,,
66817,2005-06-28 11:19:11,,,,,,,,83.33333333333333,,,,,,,,83.33333333333333,,,,,
66837,2005-06-28 11:24:50,,,,,,,,42.857142857142854,,,,,,,,42.857142857142854,,,,,
66859,2005-06-28 11:32:11,,,,,,,,50.0,,,,,,,,50.0,,,,,
66882,2005-06-28 11:41:56,,,,,,,,45.45454545454545,,,,,,,,45.45454545454545,,,,,
66910,2005-06-28 11:48:41,,,,,,,,12.5,,,,,,,,12.5,,,,,
66935,2005-06-28 12:14:27,,,,,,,,30.0,,,,,,,,30.0,,,,,
66958,2005-06-28 12:20:57,,,,,,,,33.333333333333336,,,,,,,,33.333333333333336,,,,,
66981,2005-06-28 12:39:44,,,,,,,,33.333333333333336,,,,,,,,33.333333333333336,,,,,
67002,2005-06-28 12:42:56,,,,,,,,40.0,,,,,,,,40.0,,,,,
67028,2005-06-28 12:50:11,,,,,,,,62.5,,,,,,,,62.5,,,,,
67053,2005-06-28 13:00:22,,,,,,,,28.571428571428573,,,,,,,,28.571428571428573,,,,,
67077,2005-06-28 13:51:34,,,,,,,,60.0,,,,,,,,60.0,,,,,
67104,2005-06-28 14:15:29,,,,,,,,37.5,,,,,,,,37.5,,,,,
67145,2005-06-28 14:29:42,,,,,,,,20.0,,,,,,,,20.0,,,,,
67178,2005-06-28 14:41:05,,,,,,,,28.571428571428573,,,,,,,,28.571428571428573,,,,,
67205,2005-06-28 14:46:59,,,,,,,,12.5,,,,,,,,12.5,,,,,
67238,2005-06-28 14:54:55,,,,,,,,28.571428571428573,,,,,,,,28.571428571428573,,,,,
67266,2005-06-28 15:17:13,,,,,,,,20.0,,,,,,,,20.0,,,,,
67300,2005-06-28 15:29:11,,,,,,,,50.0,,,,,,,,50.0,,,,,
67337,2005-06-28 15:37:13,,,,,,,,37.5,,,,,,,,37.5,,,,,
67362,2005-06-28 15:41:19,,,,,,,,44.44444444444444,,,,,,,,44.44444444444444,,,,,
41529,2005-04-26 06:17:34,,,,,,,68.88888888888889,76.38888888888889,67.5,,,,,,,,,,,,
41564,2005-04-26 06:25:46,,22.222222222222225,,,,,50.555555555555564,42.61904761904762,42.06349206349206,,,,,,,,,,,,
41584,2005-04-26 06:32:36,,,,,,,39.31623931623932,47.77777777777778,31.53846153846154,,,,,,,,,,,,
41605,2005-04-26 06:38:24,,,,,,,22.916666666666668,44.10714285714286,40.47619047619048,,,46.3095238095238,,,,46.3095238095238,,,,,
333050,2007-06-01 04:04:26,,,,,,,,,,,,54.54545454545455,,,,54.54545454545455,,,,,
333073,2007-06-01 04:07:44,,,,,,,,,,,,44.44444444444444,,,,44.44444444444444,,,,,
333097,2007-06-01 04:13:29,,,,,,,,,,,,66.66666666666667,,,,66.66666666666667,,,,,
333119,2007-06-01 04:17:16,,,,,,,,,,,,25.0,,,,25.0,,,,,
333150,2007-06-01 04:23:05,,,,,,,,,,,,36.36363636363637,,,,36.36363636363637,,,,,
333173,2007-06-01 04:26:11,,,,,,,,,,,,46.15384615384615,,,,46.15384615384615,,,,,
333193,2007-06-01 04:28:48,,,,,,,,,,,,23.076923076923077,,,,23.076923076923077,,,,,
333213,2007-06-01 04:31:54,,,,,,,,,,,,44.44444444444444,,,,44.44444444444444,,,,,
333237,2007-06-01 04:36:20,,,,,,,,,,,,30.0,,,,30.0,,,,,
333259,2007-06-01 04:41:46,,,,,,,,,,,,36.36363636363637,,,,36.36363636363637,,,,,
333279,2007-06-01 04:45:19,,,,,,,,,,,,36.36363636363637,,,,36.36363636363637,,,,,
333301,2007-06-01 04:49:48,,,,,,,,,,,,55.55555555555556,,,,55.55555555555556,,,,,
333321,2007-06-01 04:53:57,,,,,,,,,,,,50.0,,,,50.0,,,,,
333342,2007-06-01 04:58:40,,,,,,,,,,,,33.333333333333336,,,,33.333333333333336,,,,,
333374,2007-06-01 05:10:01,,,,,,,,,,,,36.36363636363637,,,,36.36363636363637,,,,,
333403,2007-06-01 05:23:03,,,,,,,,,,,,60.0,,,,60.0,,,,,
333426,2007-06-01 05:30:53,,,,,,,,,,,,30.0,,,,30.0,,,,,
333446,2007-06-01 05:40:03,,,,,,,,,,,,42.857142857142854,,,,42.857142857142854,,,,,
333471,2007-06-01 05:44:43,,,,,,,,,,,,60.0,,,,60.0,,,,,
333500,2007-06-01 05:52:36,,,,,,,,,,,,75.0,,,,75.0,,,,,
333522,2007-06-01 05:57:56,,,,,,,,,,,,33.333333333333336,,,,33.333333333333336,,,,,
333542,2007-06-01 06:00:37,,,,,,,,,,,,33.333333333333336,,,,33.333333333333336,,,,,
333562,2007-06-01 06:02:23,,,,,,,,,,,,50.0,,,,50.0,,,,,
333588,2007-06-01 06:05:48,,,,,,,,,,,,36.36363636363637,,,,36.36363636363637,,,,,
333608,2007-06-01 06:10:57,,,,,,,,,,,,33.333333333333336,,,,33.333333333333336,,,,,
333628,2007-06-01 06:14:55,,,,,,,,,,,,41.666666666666664,,,,41.666666666666664,,,,,
333648,2007-06-01 06:20:50,,,,,,,,,,,,44.44444444444444,,,,44.44444444444444,,,,,
333668,2007-06-01 06:23:45,,,,,,,,,,,,50.0,,,,50.0,,,,,
333688,2007-06-01 06:28:53,,,,,,,,,,,,27.272727272727273,,,,27.272727272727273,,,,,
333718,2007-06-01 06:32:20,,,,,,,,,,,,50.0,,,,50.0,,,,,
333738,2007-06-01 06:34:56,,,,,,,,,,,,33.333333333333336,,,,33.333333333333336,,,,,
333761,2007-06-01 06:40:18,,,,,,,,,,,,37.5,,,,37.5,,,,,
333791,2007-06-01 06:41:57,,,,,,,,,,,,37.5,,,,37.5,,,,,
333812,2007-06-01 06:45:43,,,,,,,,,,,,37.5,,,,37.5,,,,,
333834,2007-06-01 06:49:03,,,,,,,,,,,,50.0,,,,50.0,,,,,
333854,2007-06-01 06:51:52,,,,,,,,,,,,40.0,,,,40.0,,,,,
333874,2007-06-01 06:56:49,,,,,,,,,,,,33.333333333333336,,,,33.333333333333336,,,,,
333900,2007-06-01 06:59:40,,,,,,,,,,,,30.0,,,,30.0,,,,,
333922,2007-06-01 07:02:31,,,,,,,,,,,,50.0,,,,50.0,,,,,
333944,2007-06-01 07:07:53,,,,,,,,,,,,44.44444444444444,,,,44.44444444444444,,,,,
333964,2007-06-01 07:10:25,,,,,,,,,,,,40.0,,,,40.0,,,,,
333984,2007-06-01 07:13:13,,,,,,,,,,,,50.0,,,,50.0,,,,,
334004,2007-06-01 07:16:28,,,,,,,,,,,,62.5,,,,62.5,,,,,
334024,2007-06-01 07:18:10,,,,,,,,,,,,25.0,,,,25.0,,,,,
19689,2005-01-27 15:16:29,,23.80952380952381,,0.0,23.80952380952381,,12.6984126984127,17.28395061728395,12.52204585537919,,,,0.0,0.0,23.80952380952381,0.0,,,,,
206670,2006-07-20 01:31:14,,40.93434343434343,,36.876742538507244,34.77641231317702,,,42.47994652406417,,,,35.18308080808081,16.23458139083139,33.61485328397093,31.645220588235293,37.69036519036519,,,,,
206690,2006-07-20 01:37:19,,55.86309523809524,,69.62797619047618,64.53598484848484,,,69.62797619047618,,,,55.86309523809524,35.04464285714286,64.53598484848484,41.155303030303024,32.8125,,,,,
206710,2006-07-20 01:44:00,,37.351190476190474,,38.5777417027417,24.642857142857142,,,39.6875,,,,8.035714285714286,33.22420634920635,21.52777777777778,28.000992063492063,27.367424242424246,,,,,
206735,2006-07-20 01:53:50,,35.82766439909297,,35.63492063492064,28.843537414965986,,,38.48639455782313,,,,,25.43083900226757,35.58956916099773,25.800865800865804,27.54122861265719,,,,,
206761,2006-07-20 02:02:57,,,,32.5,34.714285714285715,,,51.333333333333336,,,,,51.333333333333336,27.333333333333332,,32.547619047619044,,,,,
206792,2006-07-20 02:20:53,,,,38.57142857142857,26.095238095238095,,,51.23809523809524,,,,,51.23809523809524,45.42857142857143,,45.714285714285715,,,,,
206821,2006-07-20 02:27:17,,,,,,,,45.833333333333336,,,,,45.833333333333336,40.952380952380956,,39.285714285714285,,,,,
206843,2006-07-20 02:52:45,,,,,,,,32.539682539682545,,,,,25.396825396825403,19.047619047619047,,35.714285714285715,,,,,
206869,2006-07-20 03:10:07,,,,,,,,49.84126984126984,,,,,27.40740740740741,38.41269841269841,,31.216931216931215,,,,,
206891,2006-07-20 03:14:23,,,,,,,,50.992063492063494,,,,,33.96825396825397,47.023809523809526,,49.047619047619044,,,,,
206916,2006-07-20 03:18:24,,,,,,,,31.481481481481485,,,,,30.0,16.127946127946128,,30.202020202020204,,,,,
206938,2006-07-20 03:21:54,,,,,,,,33.85281385281386,,,,,33.333333333333336,18.095238095238095,,22.424242424242426,,,,,
206960,2006-07-20 03:28:41,,,,,,,,48.78787878787879,,,,,36.06060606060606,28.43822843822844,,43.58974358974359,,,,,
206982,2006-07-20 03:33:59,,,,,,,,33.24074074074074,,,,,30.0,24.83164983164983,,29.924242424242426,,,,,
207006,2006-07-20 03:53:12,,,,,,,,39.523809523809526,,,,,39.523809523809526,40.952380952380956,,33.333333333333336,,,,,
207026,2006-07-20 03:58:42,,,,,,,,52.38095238095238,,,,,43.452380952380956,48.14814814814815,,43.98148148148149,,,,,
207051,2006-07-20 04:05:01,,,,,,,,39.48412698412699,,,,,13.65079365079365,31.38888888888889,,38.88888888888889,,,,,
207071,2006-07-20 04:06:50,,,,,,,,39.015151515151516,,,,,,30.681818181818183,,33.33333333333333,,,,,
207095,2006-07-20 04:13:30,,,,,,,,63.333333333333336,,,,,,51.42857142857143,,54.76190476190476,,,,,
207115,2006-07-20 04:16:34,,,,,,,,33.333333333333336,,,,,,29.76190476190476,,46.42857142857143,,,,,
207135,2006-07-20 04:19:42,,,,,,,,41.66666666666667,,,,,,33.333333333333336,,41.66666666666667,,,,,
207155,2006-07-20 04:22:19,,,,,,,,40.47619047619048,,,,,,14.285714285714286,,40.47619047619048,,,,,
207180,2006-07-20 04:25:14,,,,,,,,33.333333333333336,,,,,,33.333333333333336,,,,,,,
207218,2006-07-20 04:41:52,,,,,,,,36.36363636363637,,,,,,36.36363636363637,,,,,,,
207245,2006-07-20 04:52:01,,,,,,,,10.0,,,,,,10.0,,,,,,,
207289,2006-07-20 05:05:53,,,,,,,,12.5,,,,,,12.5,,,,,,,
207313,2006-07-20 05:08:20,,,,,,,,22.22222222222222,,,,,,22.22222222222222,,,,,,,
207359,2006-07-20 05:14:48,,,,,,,,21.428571428571427,,,,,,21.428571428571427,,,,,,,
207394,2006-07-20 05:21:04,,,,,,,,30.0,,,,,,30.0,,,,,,,
207419,2006-07-20 05:24:11,,,,,,,,37.5,,,,,,37.5,,,,,,,
207442,2006-07-20 05:25:50,,,,,,,,22.22222222222222,,,,,,22.22222222222222,,,,,,,
207470,2006-07-20 05:27:30,,,,,,,,25.0,,,,,,25.0,,,,,,,
207495,2006-07-20 05:29:56,,,,,,,,30.0,,,,,,30.0,,,,,,,
207516,2006-07-20 05:33:38,,28.76984126984127,,,,,24.603174603174605,24.702380952380953,52.53968253968254,,,,40.27777777777778,19.86111111111111,,52.53968253968254,,,,,
20055,2005-01-27 16:06:16,,,,,,,6.25,34.02777777777778,34.02777777777778,,,,21.39423076923077,,,14.449786324786324,,,,,
78587,2005-07-28 11:17:44,,,,,,,,,,,,,30.0,,,30.0,,,,,
78421,2005-07-28 09:27:24,,,,,,,,,,,,,37.5,,,37.5,,,,,
78455,2005-07-28 10:07:57,,,,,,,,,,,,,40.0,,,40.0,,,,,
78479,2005-07-28 10:20:05,,,,,,,,,,,,,22.22222222222222,,,22.22222222222222,,,,,
78501,2005-07-28 10:41:00,,,,,,,,,,,,,28.571428571428573,,,28.571428571428573,,,,,
78532,2005-07-28 10:57:43,,,,,,,,,,,,,40.0,,,40.0,,,,,
78558,2005-07-28 11:06:15,,,,,,,61.111111111111114,61.111111111111114,,,,,44.44444444444445,,,33.333333333333336,,,,,
209650,2006-07-23 03:32:54,,,,,,,83.33333333333333,83.33333333333333,,,,,,,,,,,,,
209670,2006-07-23 03:36:22,,,,,,,75.0,75.0,,,,,,,,,,,,,
209690,2006-07-23 03:41:16,,,,,,,80.0,80.0,,,,,,,,,,,,,
209710,2006-07-23 03:46:06,,,,,,,60.0,60.0,,,,,,,,,,,,,
209730,2006-07-23 03:50:35,,,,,,,75.0,75.0,,,,,,,,,,,,,
209750,2006-07-23 03:55:23,,,,,,,80.0,80.0,,,,,,,,,,,,,
209770,2006-07-23 04:01:14,,,,,,,100.0,100.0,,,,,,,,,,,,,
209790,2006-07-23 04:13:15,,,,,,,71.42857142857143,71.42857142857143,,,,,,,,,,,,,
209810,2006-07-23 04:21:47,,,,,,,57.142857142857146,57.142857142857146,,,,,,,,,,,,,
209830,2006-07-23 04:23:55,,,,,,,62.5,62.5,,,,,,,,,,,,,
209850,2006-07-23 04:26:08,,,,,,,57.142857142857146,57.142857142857146,,,,,,,,,,,,,
209871,2006-07-23 04:31:02,,,,,,,66.66666666666667,66.66666666666667,,,,,,,,,,,,,
209891,2006-07-23 04:37:36,,,,,,,50.0,50.0,,,,,,,,,,,,,
209911,2006-07-23 04:50:44,,,,,,,83.33333333333333,83.33333333333333,,,,,,,,,,,,,
209931,2006-07-23 05:02:03,,,,,,,57.142857142857146,57.142857142857146,,,,,,,,,,,,,
209951,2006-07-23 05:20:34,,,,,,,36.36363636363637,36.36363636363637,,,,,,,,,,,,,
209971,2006-07-23 05:30:44,,,,,,,40.0,40.0,,,,,,,,,,,,,
209991,2006-07-23 05:47:19,,,,,,,55.55555555555556,55.55555555555556,,,,,,,,,,,,,
210011,2006-07-23 05:51:04,,,,,,,36.36363636363637,36.36363636363637,,,,,,,,,,,,,
210031,2006-07-23 05:57:39,,,,,,,66.66666666666667,66.66666666666667,,,,,,,,,,,,,
210051,2006-07-23 06:02:26,,,,,,,57.142857142857146,57.142857142857146,,,,,,,,,,,,,
210071,2006-07-23 06:17:11,,,,,,,55.55555555555556,55.55555555555556,,,,,,,,,,,,,
78711,2005-07-28 11:57:06,,33.333333333333336,,,,,,33.333333333333336,,,,,9.523809523809524,,,9.523809523809524,,,,,
78770,2005-07-28 12:14:05,,50.0,,,,,,17.5,42.5,,,,50.0,,,33.333333333333336,,,,,
2681,2004-12-02 22:56:47,,12.5,16.666666666666668,,,,,29.166666666666668,,,,,,,,,,,,,
122684,2005-11-22 06:51:58,,3.125,13.75,,,,3.125,7.5,0.0,,,,,,,,,,,,
122734,2005-11-22 07:01:52,,,40.0,,,,,40.0,,,,,,,,,,,,,
122754,2005-11-22 07:14:30,,,29.365079365079364,,,,,30.555555555555557,15.476190476190478,,,,,,,,,,,,
122782,2005-11-22 07:59:44,,,14.285714285714286,,,,,26.785714285714285,12.5,,,,,,,,,,,,
122821,2005-11-22 10:00:12,,,50.0,,,,,50.0,0.0,,,,,,,,,,,,
122842,2005-11-22 11:14:54,,,50.0,,,,,50.0,0.0,,,,,,,,,,,,
122866,2005-11-22 13:45:03,,,66.66666666666667,,,,,66.66666666666667,,,,,,,,,,,,,
122887,2005-11-22 15:00:02,,,33.333333333333336,,,,,33.333333333333336,,,,,,,,,,,,,
122910,2005-11-22 15:54:55,,,21.428571428571427,,,,,38.095238095238095,16.666666666666668,,,,,,,,,,,,
122947,2005-11-22 16:05:54,,,100.0,,,,,100.0,,,,,,,,,,,,,
122969,2005-11-22 16:08:42,,,62.5,,,,,62.5,,,,,,,,,,,,,
122989,2005-11-22 16:13:59,,,50.0,,,,,52.5,22.5,,,,,,,,,,,,
123009,2005-11-22 16:15:38,,,40.0,,,,,40.0,,,,,,,,,,,,,
123029,2005-11-22 16:18:32,,,32.142857142857146,,,,,35.0,17.142857142857142,,,,,,,,,,,,
123048,2005-11-22 16:21:30,,,26.666666666666668,,,,,23.80952380952381,17.142857142857142,,,,,,,,,,,,
123068,2005-11-22 16:24:57,45.0,,70.0,45.0,,,,70.0,70.0,,,,,,,,,,,,
214931,2006-08-02 03:22:55,75.0,,,75.0,,,,,,,,,,,,,,,,,
214958,2006-08-02 03:34:45,24.54594017094017,,,21.66083916083916,,,,40.41666666666667,35.101010101010104,,,,,,26.458333333333336,,,,,,
346513,2007-06-21 19:27:44,,,31.150793650793656,,,,,29.761904761904763,26.984126984126988,,,,,,25.5952380952381,,,,,,
123323,2005-11-22 17:28:08,,,55.55555555555556,,,,,55.55555555555556,,,,,,,,,,,,,
123343,2005-11-22 17:31:26,,,66.66666666666667,,,,,66.66666666666667,,,,,,,,,,,,,
123363,2005-11-22 17:45:34,,,42.857142857142854,,,,,42.857142857142854,,,,,,,,,,,,,
123383,2005-11-22 17:49:30,,,66.66666666666667,,,,,66.66666666666667,,,,,,,,,,,,,
123403,2005-11-22 18:00:41,,,25.0,,,,,25.0,,,,,,,,,,,,,
123423,2005-11-22 18:08:02,,,18.253968253968253,,,,,23.61111111111111,19.642857142857142,,,,,,,,,,,,
123442,2005-11-22 18:12:43,,,38.88888888888889,,,,,41.66666666666667,13.88888888888889,,,,,,,,,,,,
123461,2005-11-22 18:18:56,,,44.44444444444444,,,,,49.2063492063492,,38.095238095238095,,,,,,,,,,,
216583,2006-08-03 03:10:54,,,,,,,,37.5,,37.5,,,,,,,,,,,
216603,2006-08-03 03:25:02,,,17.357142857142858,,,,,19.833333333333336,0.0,21.857142857142854,,19.833333333333336,,,13.5,,,,,,
386409,2007-08-23 14:39:33,,,,,,,,,,,,33.333333333333336,,,33.333333333333336,,,,,,
386463,2007-08-23 15:32:37,,,5.555555555555556,,,,,22.222222222222225,,,,21.42857142857143,,,15.873015873015873,,,,,,
386494,2007-08-23 15:45:49,,,4.166666666666667,,,,,16.666666666666668,0.0,,,14.583333333333334,,,10.416666666666668,,,,,,
255507,2006-10-27 02:54:45,,,19.166666666666668,,,,3.3333333333333335,22.5,25.0,,,27.5,,,27.5,,,,0.0,,
3125,2004-12-03 05:36:29,,,,,,,16.666666666666668,28.333333333333332,28.333333333333332,,,,,,,,,,0.0,,
19845,2005-01-27 15:39:20,,,21.666666666666668,,,,38.95238095238095,40.00000000000001,32.5,,,21.666666666666668,,,,29.547619047619047,,,,,
236494,2006-09-16 03:05:07,,,,,,,,,,,,37.5,,,,37.5,,,,,
236517,2006-09-16 03:17:06,,,,,,,,,,,,50.0,,,,50.0,,,,,
236565,2006-09-16 04:07:12,,,,,,,,,,,,28.571428571428573,,,,28.571428571428573,,,,,
236585,2006-09-16 04:13:34,,,,,,,,,,,,50.0,,,,50.0,,,,,
236624,2006-09-16 04:33:20,,,,,,,,,,,,41.666666666666664,,,,41.666666666666664,,,,,
236656,2006-09-16 04:45:40,,,,,,,,,,,,42.857142857142854,,,,42.857142857142854,,,,,
236679,2006-09-16 05:04:42,,,,,,,,,,,,18.181818181818183,,,,18.181818181818183,,,,,
236701,2006-09-16 05:13:30,,,,,,,,,,,,55.55555555555556,,,,55.55555555555556,,,,,
236723,2006-09-16 05:19:03,,,,,,,,,,,,9.090909090909092,,,,9.090909090909092,,,,,
236748,2006-09-16 05:36:11,,,,,,,,,,,,62.5,,,,62.5,,,,,
236768,2006-09-16 05:43:57,,,,,,,,,,,,30.76923076923077,,,,30.76923076923077,,,,,
236788,2006-09-16 05:50:14,,,,,,,,,,,,45.45454545454545,,,,45.45454545454545,,,,,
236808,2006-09-16 05:56:44,,,,,,,,,,,,60.0,,,,60.0,,,,,
236829,2006-09-16 06:02:58,,,,,,,,,,,,50.0,,,,50.0,,,,,
236850,2006-09-16 06:07:25,,,,,,,,,,,,30.0,,,,30.0,,,,,
236870,2006-09-16 06:11:00,,,,,,,,,,,,33.333333333333336,,,,33.333333333333336,,,,,
236903,2006-09-16 06:16:48,,,,,,,,,,,,30.0,,,,30.0,,,,,
236927,2006-09-16 06:23:26,,,,,,,,,,,,30.0,,,,30.0,,,,,
236947,2006-09-16 06:30:28,,,,,,,,,,,,33.333333333333336,,,,33.333333333333336,,,,,
236967,2006-09-16 06:36:26,,,,,,,,,,,,22.22222222222222,,,,22.22222222222222,,,,,
236988,2006-09-16 06:43:46,,,,,,,,,,,,20.0,,,,20.0,,,,,
237159,2006-09-16 16:26:02,,,,,,,,,,,,20.0,,,,20.0,,,,,
237188,2006-09-16 17:07:39,,,,,,,,,,,,37.5,,,,37.5,,,,,
237209,2006-09-16 17:12:04,,,,,,,34.64285714285714,,30.625,,,42.5,42.5,,,20.267857142857142,,,,,
18439,2005-01-27 08:02:08,,,,,,,60.0,,60.0,,,,,,,,,,,,
18601,2005-01-27 08:18:52,,,,,,,30.76923076923077,,30.76923076923077,,,,,,,,,,,,
18751,2005-01-27 08:48:23,,,,29.365079365079367,,,11.111111111111112,,0.0,,,,,29.365079365079367,,,,,,,
243794,2006-10-06 01:37:01,,,,27.272727272727273,,,,,,,,,,27.272727272727273,,,,,,,
243846,2006-10-06 02:09:46,,,,42.857142857142854,,,,,,,,,,42.857142857142854,,,,,,,
243867,2006-10-06 02:11:42,,,,45.45454545454545,,,,,,,,,,45.45454545454545,,,,,,,
243892,2006-10-06 02:14:38,,,,36.36363636363637,,,,,,,,,,36.36363636363637,,,,,,,
243919,2006-10-06 02:18:26,,,31.805555555555557,20.205026455026456,,,33.00264550264551,33.30026455026455,33.7037037037037,,,,,25.1984126984127,24.093915343915345,,,,,,
41158,2005-04-26 03:05:51,,,,,,,57.142857142857146,53.57142857142857,53.57142857142857,,,,,,,,,,,,
41180,2005-04-26 03:23:47,,,,,,,38.095238095238095,26.666666666666668,31.428571428571427,,,,,,,,,,,,
41198,2005-04-26 03:33:00,,,,,,,45.0,62.857142857142854,67.85714285714286,,,,,,,,,,,,
41530,2005-04-26 06:17:47,,,,,,,47.72727272727273,50.0,52.27272727272727,,,,,,,,,,,,
41234,2005-04-26 04:07:20,,,,,,,53.57142857142857,59.82142857142857,56.25,,,,,,,,,,,,
41252,2005-04-26 04:19:27,,,,,,,34.84848484848485,39.015151515151516,37.5,,,,,,,,,,,,
19431,2005-01-27 14:41:57,,,,,,,57.142857142857146,66.07142857142857,66.07142857142857,,,,,,,,,,,,
41299,2005-04-26 05:32:21,,,,,,,35.0,26.666666666666668,41.66666666666667,,,,,,,,,,,,
41318,2005-04-26 05:37:25,,,,,,,38.095238095238095,33.333333333333336,38.095238095238095,,,,,,,,,,,,
41346,2005-04-26 05:41:55,,,,,,,34.72222222222222,31.25,40.97222222222222,,,,,,,,,,,,
41361,2005-04-26 05:44:19,,,,,,,65.27777777777777,62.5,52.77777777777778,,,,,,,,,,,,
19544,2005-01-27 14:59:51,,,,,,,32.22222222222222,25.0,37.22222222222222,,,,,,,,,,,,
41468,2005-04-26 06:07:37,,,,,,,46.42857142857143,46.42857142857143,42.857142857142854,,,,,,,,,,,,
41504,2005-04-26 06:13:58,,,,,,,48.57142857142857,36.66666666666667,45.23809523809524,,,,,,,,,,,,
118003,2005-11-14 00:19:17,,,,,,,66.66666666666667,,66.66666666666667,,,,,,,,,,,,
118023,2005-11-14 00:32:07,,,,,,,71.42857142857143,,71.42857142857143,,,,,,,,,,,,
118043,2005-11-14 00:34:12,,,,,,,66.66666666666667,,66.66666666666667,,,,,,,,,,,,
118063,2005-11-14 00:37:06,,,,,,,54.54545454545455,,54.54545454545455,,,,,,,,,,,,
118083,2005-11-14 00:40:00,,,,,,,40.0,,40.0,,,,,,,,,,,,
118103,2005-11-14 01:25:39,,,,,,,57.142857142857146,,57.142857142857146,,,,,,,,,,,,
118123,2005-11-14 01:58:35,,,,,,,62.5,,62.5,,,,,,,,,,,,
118143,2005-11-14 02:27:13,,,,,,,50.0,,50.0,,,,,,,,,,,,
118164,2005-11-14 02:31:35,,,,,,,25.0,,25.0,,,,,,,,,,,,
118184,2005-11-14 03:05:32,,,,,,,33.333333333333336,,33.333333333333336,,,,,,,,,,,,
118204,2005-11-14 03:13:48,,,,,,,40.0,,40.0,,,,,,,,,,,,
118224,2005-11-14 03:32:30,,,,,,,80.0,,80.0,,,,,,,,,,,,
118244,2005-11-14 03:35:06,,,,,,,30.0,,30.0,,,,,,,,,,,,
118264,2005-11-14 03:39:52,,,,,,,37.5,,37.5,,,,,,,,,,,,
118284,2005-11-14 03:42:14,,,,,,,33.333333333333336,,33.333333333333336,,,,,,,,,,,,
118304,2005-11-14 03:47:01,,,,,,,50.0,,50.0,,,,,,,,,,,,
118324,2005-11-14 03:49:22,,,,,,,63.63636363636363,,63.63636363636363,,,,,,,,,,,,
118344,2005-11-14 03:54:37,,,,,,,60.0,,60.0,,,,,,,,,,,,
118364,2005-11-14 03:59:23,,,,,,,54.54545454545455,,54.54545454545455,,,,,,,,,,,,
118384,2005-11-14 04:03:07,,,,,,,60.0,,60.0,,,,,,,,,,,,
118404,2005-11-14 04:06:59,,,,,,,53.84615384615385,,53.84615384615385,,,,,,,,,,,,
118424,2005-11-14 04:12:19,,,,,,,70.0,,70.0,,,,,,,,,,,,
118444,2005-11-14 04:17:10,,,,,,,45.45454545454545,,45.45454545454545,,,,,,,,,,,,
118464,2005-11-14 04:23:21,,,,,,,50.0,,50.0,,,,,,,,,,,,
118484,2005-11-14 04:33:14,,,,,,,60.0,,60.0,,,,,,,,,,,,
118504,2005-11-14 04:38:09,,,,,,,85.71428571428571,,85.71428571428571,,,,,,,,,,,,
118524,2005-11-14 04:43:05,,,,,,,50.0,,50.0,,,,,,,,,,,,
118544,2005-11-14 04:53:34,,,,,,,63.63636363636363,,63.63636363636363,,,,,,,,,,,,
118564,2005-11-14 04:57:08,,,,,,,54.54545454545455,,54.54545454545455,,,,,,,,,,,,
118584,2005-11-14 05:03:03,,,,,,,57.142857142857146,,57.142857142857146,,,,,,,,,,,,
118604,2005-11-14 05:06:48,,,,,,,44.44444444444444,,44.44444444444444,,,,,,,,,,,,
118624,2005-11-14 05:17:41,,,,,,,63.63636363636363,,63.63636363636363,,,,,,,,,,,,
118644,2005-11-14 05:27:48,,,,,,,30.76923076923077,,30.76923076923077,,,,,,,,,,,,
118664,2005-11-14 05:37:34,,,,,,,44.44444444444444,,44.44444444444444,,,,,,,,,,,,
118684,2005-11-14 05:42:44,,,,,,,41.666666666666664,,41.666666666666664,,,,,,,,,,,,
118704,2005-11-14 05:47:40,,,,,,,55.55555555555556,,55.55555555555556,,,,,,,,,,,,
118725,2005-11-14 05:49:38,,,,,,,70.0,,70.0,,,,,,,,,,,,
118745,2005-11-14 05:59:39,,,,,,,36.36363636363637,,36.36363636363637,,,,,,,,,,,,
118765,2005-11-14 06:02:53,,,,,,,25.0,,25.0,,,,,,,,,,,,
118785,2005-11-14 06:15:42,,,,,,,42.857142857142854,,42.857142857142854,,,,,,,,,,,,
118805,2005-11-14 06:19:00,,,,,,,40.0,,40.0,,,,,,,,,,,,
118825,2005-11-14 06:21:58,,,,,,,55.55555555555556,,55.55555555555556,,,,,,,,,,,,
118845,2005-11-14 06:24:10,,,,,,,62.5,,62.5,,,,,,,,,,,,
118865,2005-11-14 06:31:34,,,,,,,50.0,,50.0,,,,,,,,,,,,
118885,2005-11-14 06:38:43,,,,,,,58.333333333333336,,58.333333333333336,,,,,,,,,,,,
118907,2005-11-14 06:47:32,,,,,,,33.333333333333336,,33.333333333333336,,,,,,,,,,,,
118927,2005-11-14 06:50:07,,,,,,,60.0,,60.0,,,,,,,,,,,,
118947,2005-11-14 06:54:29,,,,,,,46.15384615384615,,46.15384615384615,,,,,,,,,,,,
118967,2005-11-14 06:59:18,,,,,,,44.44444444444444,,44.44444444444444,,,,,,,,,,,,
118988,2005-11-14 07:03:25,,,,,,,37.5,,37.5,,,,,,,,,,,,
119008,2005-11-14 07:08:18,,,,,,,62.5,,62.5,,,,,,,,,,,,
119028,2005-11-14 07:12:43,,,,,,,33.333333333333336,,33.333333333333336,,,,,,,,,,,,
119048,2005-11-14 07:18:10,,,,,,,54.54545454545455,,54.54545454545455,,,,,,,,,,,,
119071,2005-11-14 07:21:15,,,,,,,46.15384615384615,,46.15384615384615,,,,,,,,,,,,
119091,2005-11-14 07:24:13,,,,,,,54.54545454545455,,54.54545454545455,,,,,,,,,,,,
119112,2005-11-14 07:27:36,,,,,,,54.54545454545455,,54.54545454545455,,,,,,,,,,,,
119760,2005-11-14 10:00:01,,,,,,,60.0,,60.0,,,,,,,,,,,,
119786,2005-11-14 10:03:49,,,,,,,20.0,,20.0,,,,,,,,,,,,
119811,2005-11-14 10:10:48,,,,,,,41.666666666666664,,41.666666666666664,,,,,,,,,,,,
119847,2005-11-14 10:18:43,,,,,,,33.333333333333336,,33.333333333333336,,,,,,,,,,,,
119870,2005-11-14 10:24:43,,,,,,,33.333333333333336,,33.333333333333336,,,,,,,,,,,,
119893,2005-11-14 10:34:32,,,,,,,32.142857142857146,17.142857142857142,35.0,,,,,,,,,,,,
19995,2005-01-27 16:00:17,,,,,,,45.0,35.0,30.0,,,,,,,,,,,,
120007,2005-11-14 16:37:24,,,,,,,10.0,,10.0,,,,,,,,,,,,
120082,2005-11-14 18:36:30,,,,,,,44.44444444444444,,44.44444444444444,,,,,,,,,,,,
120143,2005-11-14 19:16:06,,,22.53968253968254,,,,30.555555555555557,29.761904761904763,34.44444444444445,,,,,,,,,,,,
122651,2005-11-22 00:02:35,,,25.0,,,,,25.0,,,,,,,,,,,,,
122689,2005-11-22 06:53:06,,,50.0,,,,,50.0,,,,,,,,,,,,,
122712,2005-11-22 06:56:15,,,50.0,,,,,50.0,,,,,,,,,,,,,
122781,2005-11-22 07:59:14,,,50.0,,,,,50.0,,,,,,,,,,,,,
122819,2005-11-22 09:53:43,,,60.0,,,,,60.0,,,,,,,,,,,,,
122927,2005-11-22 16:01:19,,,37.5,,,,,37.5,,,,,,,,,,,,,
123080,2005-11-22 16:26:11,,,50.0,,,,,50.0,,,,,,,,,,,,,
123100,2005-11-22 16:30:08,,,50.0,,,,,50.0,,,,,,,,,,,,,
123120,2005-11-22 16:34:56,,,66.66666666666667,,,,,66.66666666666667,,,,,,,,,,,,,
123140,2005-11-22 16:47:02,,,50.0,,,,,50.0,,,,,,,,,,,,,
123161,2005-11-22 16:51:02,,,60.0,,,,,60.0,,,,,,,,,,,,,
123181,2005-11-22 16:56:07,,,55.55555555555556,,,,,55.55555555555556,,,,,,,,,,,,,
123201,2005-11-22 17:01:27,,,33.333333333333336,,,,,33.333333333333336,,,,,,,,,,,,,
123221,2005-11-22 17:04:08,,,44.44444444444444,,,,,44.44444444444444,,,,,,,,,,,,,
123241,2005-11-22 17:06:50,,,45.45454545454545,,,,,45.45454545454545,,,,,,,,,,,,,
123261,2005-11-22 17:11:52,,,55.55555555555556,,,,,55.55555555555556,,,,,,,,,,,,,
123281,2005-11-22 17:15:26,,,55.55555555555556,,,,,55.55555555555556,,,,,,,,,,,,,
123301,2005-11-22 17:23:06,,,14.285714285714285,,,,,30.952380952380953,,,,25.0,,,25.0,,,,,,
385515,2007-08-23 01:35:18,,,,,,,,,,,,11.11111111111111,,,11.11111111111111,,,,,,
385555,2007-08-23 02:53:30,,,,,,,,,,,,16.666666666666668,,,16.666666666666668,,,,,,
385575,2007-08-23 03:01:12,,,,,,,,,,,,20.0,,,20.0,,,,,,
385595,2007-08-23 03:06:42,,,,,,,,,,,,16.666666666666668,,,16.666666666666668,,,,,,
385615,2007-08-23 03:12:36,,,,,,,,,,,,28.571428571428573,,,28.571428571428573,,,,,,
385638,2007-08-23 03:19:25,,,,,,,,,,,,14.285714285714286,,,14.285714285714286,,,,,,
385663,2007-08-23 03:25:17,,,,,,,,,,,,50.0,,,50.0,,,,,,
385683,2007-08-23 03:32:08,,,,,,,,,,,,25.0,,,25.0,,,,,,
385706,2007-08-23 03:38:10,,,,,,,,,,,,22.22222222222222,,,22.22222222222222,,,,,,
385726,2007-08-23 03:46:34,,,,,,,,,,,,20.0,,,20.0,,,,,,
385746,2007-08-23 03:54:14,,,,,,,,,,,,20.0,,,20.0,,,,,,
385785,2007-08-23 04:29:54,,,,,,,,,,,,12.5,,,12.5,,,,,,
385823,2007-08-23 05:03:25,,,,,,,,,,,,16.666666666666668,,,16.666666666666668,,,,,,
385845,2007-08-23 05:08:35,,,,,,,,,,,,16.666666666666668,,,16.666666666666668,,,,,,
385868,2007-08-23 05:13:13,,,,,,,,,,,,33.333333333333336,,,33.333333333333336,,,,,,
385891,2007-08-23 05:22:16,,,,,,,,,,,,42.857142857142854,,,42.857142857142854,,,,,,
385911,2007-08-23 05:31:56,,,,,,,,,,,,50.0,,,50.0,,,,,,
385932,2007-08-23 05:47:57,,,,,,,,,,,,100.0,,,100.0,,,,,,
385952,2007-08-23 05:52:29,,,,,,,,,,,,12.5,,,12.5,,,,,,
385972,2007-08-23 06:00:45,,,,,,,,,,,,16.666666666666668,,,16.666666666666668,,,,,,
385992,2007-08-23 06:04:48,,,,,,,,,,,,25.0,,,25.0,,,,,,
386012,2007-08-23 06:11:00,,,,,,,,,,,,33.333333333333336,,,33.333333333333336,,,,,,
386044,2007-08-23 06:14:18,,,,,,,,,,,,14.285714285714286,,,14.285714285714286,,,,,,
386065,2007-08-23 06:27:43,,,,,,,,,,,,66.66666666666667,,,66.66666666666667,,,,,,
386085,2007-08-23 06:46:41,,,,,,,,,,,,33.333333333333336,,,33.333333333333336,,,,,,
386112,2007-08-23 07:10:56,,,,,,,,,,,,33.333333333333336,,,33.333333333333336,,,,,,
386135,2007-08-23 07:27:50,,,,,,,,,,,,40.0,,,40.0,,,,,,
386232,2007-08-23 10:30:42,,,,,,,,,,,,20.0,,,20.0,,,,,,
386252,2007-08-23 10:38:26,,,,,,,,,,,,14.285714285714286,,,14.285714285714286,,,,,,
386277,2007-08-23 11:14:33,,,,,,,,,,,,23.076923076923077,,,23.076923076923077,,,,,,
386324,2007-08-23 14:11:23,,,56.666666666666664,,,,,56.666666666666664,,,,38.88888888888889,,,18.88888888888889,,,,,,
386388,2007-08-23 14:29:12,,,50.0,,,,,58.333333333333336,,,,36.111111111111114,,,55.555555555555564,,,,,,
255338,2006-10-27 02:03:02,,,33.333333333333336,,,,,33.333333333333336,,,,,,,,,,,,,
255358,2006-10-27 02:09:02,,,50.0,,,,,50.0,,,,,,,,,,,,,
255378,2006-10-27 02:13:40,,,0.0,,,,,0.0,,,,,,,,,,,,,
255398,2006-10-27 02:28:46,,,8.333333333333334,,,,,41.666666666666664,,,,50.0,,,50.0,,,,,,
255418,2006-10-27 02:35:08,,,33.333333333333336,,,,,33.333333333333336,,,,,,,,,,,,,
255439,2006-10-27 02:38:55,,,40.0,,,,,40.0,,,,,,,,,,,,,
255459,2006-10-27 02:43:11,,,28.571428571428573,,,,,28.571428571428573,,,,,,,,,,,,,
255479,2006-10-27 02:50:12,,,20.0,,,,,20.0,,,,,,,,,,,,,
386573,2007-08-23 16:56:10,,,3.7037037037037037,,,,,20.37037037037037,,,,41.666666666666664,,,41.666666666666664,,,,,,
255527,2006-10-27 02:58:49,,,20.0,,,,,20.0,,,,,,,,,,,,,
255553,2006-10-27 03:02:36,,,42.857142857142854,,,,,42.857142857142854,,,,,,,,,,,,,
255574,2006-10-27 03:09:08,,,33.333333333333336,,,,,33.333333333333336,,,,,,,,,,,,,
255604,2006-10-27 03:14:44,,,33.333333333333336,,,,,33.333333333333336,,,,,,,,,,,,,
255641,2006-10-27 03:31:48,,,75.0,,,,,75.0,,,,,,,,,,,,,
